country_id,win,year,sf_qualify,top10_last,place_10y,place_20y,place_10y_range,place_20y_range
0,0,1975,0,0,55.0,55.0,4,4
1,0,1975,0,0,55.0,55.0,4,4
2,0,1975,0,0,55.0,55.0,4,4
3,0,1975,0,0,55.0,55.0,4,4
4,0,1975,0,0,55.0,55.0,4,4
5,0,1975,0,0,55.0,55.0,4,4
6,0,1975,0,0,55.0,55.0,4,4
7,0,1975,0,0,55.0,55.0,4,4
8,0,1975,0,0,55.0,55.0,4,4
9,0,1975,0,0,55.0,55.0,4,4
10,0,1975,0,0,55.0,55.0,4,4
11,0,1975,0,0,55.0,55.0,4,4
12,0,1975,0,0,55.0,55.0,4,4
13,0,1975,0,0,55.0,55.0,4,4
14,0,1975,0,0,55.0,55.0,4,4
15,1,1975,0,0,55.0,55.0,4,4
16,0,1975,0,0,55.0,55.0,4,4
17,0,1975,0,0,55.0,55.0,4,4
18,0,1975,0,0,55.0,55.0,4,4
19,0,1975,0,0,55.0,55.0,4,4
20,0,1975,0,0,55.0,55.0,4,4
21,0,1975,0,0,55.0,55.0,4,4
22,0,1975,0,0,55.0,55.0,4,4
23,0,1975,0,0,55.0,55.0,4,4
24,0,1975,0,0,55.0,55.0,4,4
25,0,1975,0,0,55.0,55.0,4,4
26,0,1975,0,0,55.0,55.0,4,4
27,0,1975,0,0,55.0,55.0,4,4
28,0,1975,0,0,55.0,55.0,4,4
29,0,1975,0,0,55.0,55.0,4,4
30,0,1975,0,0,55.0,55.0,4,4
31,0,1975,0,0,55.0,55.0,4,4
32,0,1975,0,0,55.0,55.0,4,4
33,0,1975,0,0,55.0,55.0,4,4
34,0,1975,0,0,55.0,55.0,4,4
35,0,1975,0,0,55.0,55.0,4,4
36,0,1975,0,0,55.0,55.0,4,4
37,0,1975,0,0,55.0,55.0,4,4
38,0,1975,0,0,55.0,55.0,4,4
39,0,1975,0,0,55.0,55.0,4,4
40,0,1975,0,0,55.0,55.0,4,4
41,0,1975,0,0,55.0,55.0,4,4
42,0,1975,0,0,55.0,55.0,4,4
43,0,1975,0,0,55.0,55.0,4,4
44,0,1975,0,0,55.0,55.0,4,4
45,0,1975,0,0,55.0,55.0,4,4
46,0,1975,0,0,55.0,55.0,4,4
47,0,1975,0,0,55.0,55.0,4,4
48,0,1975,0,0,55.0,55.0,4,4
49,0,1975,0,0,55.0,55.0,4,4
50,0,1975,0,0,55.0,55.0,4,4
51,0,1975,0,0,55.0,55.0,4,4
52,0,1975,0,0,55.0,55.0,4,4
53,0,1975,0,0,55.0,55.0,4,4
0,0,1976,0,0,55.0,55.0,4,4
1,0,1976,0,1,55.0,55.0,4,4
2,0,1976,0,1,55.0,55.0,4,4
3,0,1976,0,0,55.0,55.0,4,4
4,0,1976,0,1,55.0,55.0,4,4
5,0,1976,0,0,55.0,55.0,4,4
6,0,1976,0,1,55.0,55.0,4,4
7,0,1976,0,1,55.0,55.0,4,4
8,0,1976,0,0,55.0,55.0,4,4
9,0,1976,0,0,55.0,55.0,4,4
10,0,1976,0,0,55.0,55.0,4,4
11,0,1976,0,0,55.0,55.0,4,4
12,0,1976,0,1,55.0,55.0,4,4
13,0,1976,0,1,55.0,55.0,4,4
14,0,1976,0,1,55.0,55.0,4,4
15,0,1976,0,1,55.0,55.0,4,4
16,0,1976,0,0,55.0,55.0,4,4
17,1,1976,0,1,55.0,55.0,4,4
18,0,1976,0,0,55.0,55.0,4,4
19,0,1976,0,0,55.0,55.0,4,4
20,0,1976,0,0,55.0,55.0,4,4
21,0,1976,0,0,55.0,55.0,4,4
22,0,1976,0,0,55.0,55.0,4,4
23,0,1976,0,0,55.0,55.0,4,4
24,0,1976,0,0,55.0,55.0,4,4
25,0,1976,0,0,55.0,55.0,4,4
26,0,1976,0,0,55.0,55.0,4,4
27,0,1976,0,0,55.0,55.0,4,4
28,0,1976,0,0,55.0,55.0,4,4
29,0,1976,0,0,55.0,55.0,4,4
30,0,1976,0,0,55.0,55.0,4,4
31,0,1976,0,0,55.0,55.0,4,4
32,0,1976,0,0,55.0,55.0,4,4
33,0,1976,0,0,55.0,55.0,4,4
34,0,1976,0,0,55.0,55.0,4,4
35,0,1976,0,0,55.0,55.0,4,4
36,0,1976,0,0,55.0,55.0,4,4
37,0,1976,0,0,55.0,55.0,4,4
38,0,1976,0,0,55.0,55.0,4,4
39,0,1976,0,0,55.0,55.0,4,4
40,0,1976,0,0,55.0,55.0,4,4
41,0,1976,0,0,55.0,55.0,4,4
42,0,1976,0,0,55.0,55.0,4,4
43,0,1976,0,0,55.0,55.0,4,4
44,0,1976,0,0,55.0,55.0,4,4
45,0,1976,0,0,55.0,55.0,4,4
46,0,1976,0,0,55.0,55.0,4,4
47,0,1976,0,0,55.0,55.0,4,4
48,0,1976,0,0,55.0,55.0,4,4
49,0,1976,0,0,55.0,55.0,4,4
50,0,1976,0,0,55.0,55.0,4,4
51,0,1976,0,0,55.0,55.0,4,4
52,0,1976,0,0,55.0,55.0,4,4
53,0,1976,0,0,55.0,55.0,4,4
0,0,1977,0,1,55.0,55.0,4,4
1,0,1977,0,0,55.0,55.0,4,4
2,1,1977,0,1,55.0,55.0,4,4
3,0,1977,0,0,55.0,55.0,4,4
4,0,1977,0,1,55.0,55.0,4,4
5,0,1977,0,1,55.0,55.0,4,4
6,0,1977,0,1,55.0,55.0,4,4
7,0,1977,0,0,55.0,55.0,4,4
8,0,1977,0,0,55.0,55.0,4,4
9,0,1977,0,1,55.0,55.0,4,4
10,0,1977,0,0,55.0,55.0,4,4
11,0,1977,0,0,55.0,55.0,4,4
12,0,1977,0,0,55.0,55.0,4,4
13,0,1977,0,0,55.0,55.0,4,4
14,0,1977,0,1,55.0,55.0,4,4
15,0,1977,0,1,55.0,55.0,4,4
16,0,1977,0,0,55.0,55.0,4,4
17,0,1977,0,1,55.0,55.0,4,4
18,0,1977,0,0,55.0,55.0,4,4
19,0,1977,0,1,55.0,55.0,4,4
20,0,1977,0,0,55.0,55.0,4,4
21,0,1977,0,0,55.0,55.0,4,4
22,0,1977,0,0,55.0,55.0,4,4
23,0,1977,0,0,55.0,55.0,4,4
24,0,1977,0,0,55.0,55.0,4,4
25,0,1977,0,0,55.0,55.0,4,4
26,0,1977,0,0,55.0,55.0,4,4
27,0,1977,0,0,55.0,55.0,4,4
28,0,1977,0,0,55.0,55.0,4,4
29,0,1977,0,0,55.0,55.0,4,4
30,0,1977,0,0,55.0,55.0,4,4
31,0,1977,0,0,55.0,55.0,4,4
32,0,1977,0,0,55.0,55.0,4,4
33,0,1977,0,0,55.0,55.0,4,4
34,0,1977,0,0,55.0,55.0,4,4
35,0,1977,0,0,55.0,55.0,4,4
36,0,1977,0,0,55.0,55.0,4,4
37,0,1977,0,0,55.0,55.0,4,4
38,0,1977,0,0,55.0,55.0,4,4
39,0,1977,0,0,55.0,55.0,4,4
40,0,1977,0,0,55.0,55.0,4,4
41,0,1977,0,0,55.0,55.0,4,4
42,0,1977,0,0,55.0,55.0,4,4
43,0,1977,0,0,55.0,55.0,4,4
44,0,1977,0,0,55.0,55.0,4,4
45,0,1977,0,0,55.0,55.0,4,4
46,0,1977,0,0,55.0,55.0,4,4
47,0,1977,0,0,55.0,55.0,4,4
48,0,1977,0,0,55.0,55.0,4,4
49,0,1977,0,0,55.0,55.0,4,4
50,0,1977,0,0,55.0,55.0,4,4
51,0,1977,0,0,55.0,55.0,4,4
52,0,1977,0,0,55.0,55.0,4,4
53,0,1977,0,0,55.0,55.0,4,4
0,0,1978,0,1,55.0,55.0,4,4
1,0,1978,0,1,55.0,55.0,4,4
2,0,1978,0,1,55.0,55.0,4,4
3,0,1978,0,1,55.0,55.0,4,4
4,0,1978,0,1,55.0,55.0,4,4
5,1,1978,0,0,55.0,55.0,4,4
6,0,1978,0,0,55.0,55.0,4,4
7,0,1978,0,0,55.0,55.0,4,4
8,0,1978,0,0,55.0,55.0,4,4
9,0,1978,0,1,55.0,55.0,4,4
10,0,1978,0,0,55.0,55.0,4,4
11,0,1978,0,0,55.0,55.0,4,4
12,0,1978,0,1,55.0,55.0,4,4
13,0,1978,0,0,55.0,55.0,4,4
14,0,1978,0,1,55.0,55.0,4,4
15,0,1978,0,0,55.0,55.0,4,4
16,0,1978,0,0,55.0,55.0,4,4
17,0,1978,0,1,55.0,55.0,4,4
18,0,1978,0,0,55.0,55.0,4,4
19,0,1978,0,0,55.0,55.0,4,4
20,0,1978,0,1,55.0,55.0,4,4
21,0,1978,0,0,55.0,55.0,4,4
22,0,1978,0,0,55.0,55.0,4,4
23,0,1978,0,0,55.0,55.0,4,4
24,0,1978,0,0,55.0,55.0,4,4
25,0,1978,0,0,55.0,55.0,4,4
26,0,1978,0,0,55.0,55.0,4,4
27,0,1978,0,0,55.0,55.0,4,4
28,0,1978,0,0,55.0,55.0,4,4
29,0,1978,0,0,55.0,55.0,4,4
30,0,1978,0,0,55.0,55.0,4,4
31,0,1978,0,0,55.0,55.0,4,4
32,0,1978,0,0,55.0,55.0,4,4
33,0,1978,0,0,55.0,55.0,4,4
34,0,1978,0,0,55.0,55.0,4,4
35,0,1978,0,0,55.0,55.0,4,4
36,0,1978,0,0,55.0,55.0,4,4
37,0,1978,0,0,55.0,55.0,4,4
38,0,1978,0,0,55.0,55.0,4,4
39,0,1978,0,0,55.0,55.0,4,4
40,0,1978,0,0,55.0,55.0,4,4
41,0,1978,0,0,55.0,55.0,4,4
42,0,1978,0,0,55.0,55.0,4,4
43,0,1978,0,0,55.0,55.0,4,4
44,0,1978,0,0,55.0,55.0,4,4
45,0,1978,0,0,55.0,55.0,4,4
46,0,1978,0,0,55.0,55.0,4,4
47,0,1978,0,0,55.0,55.0,4,4
48,0,1978,0,0,55.0,55.0,4,4
49,0,1978,0,0,55.0,55.0,4,4
50,0,1978,0,0,55.0,55.0,4,4
51,0,1978,0,0,55.0,55.0,4,4
52,0,1978,0,0,55.0,55.0,4,4
53,0,1978,0,0,55.0,55.0,4,4
0,0,1979,0,1,55.0,55.0,4,4
1,0,1979,0,0,55.0,55.0,4,4
2,0,1979,0,1,55.0,55.0,4,4
3,0,1979,0,1,55.0,55.0,4,4
4,0,1979,0,1,55.0,55.0,4,4
5,1,1979,0,1,55.0,55.0,4,4
6,0,1979,0,0,55.0,55.0,4,4
7,0,1979,0,1,55.0,55.0,4,4
8,0,1979,0,0,55.0,55.0,4,4
9,0,1979,0,1,55.0,55.0,4,4
10,0,1979,0,0,55.0,55.0,4,4
11,0,1979,0,0,55.0,55.0,4,4
12,0,1979,0,1,55.0,55.0,4,4
13,0,1979,0,0,55.0,55.0,4,4
14,0,1979,0,1,55.0,55.0,4,4
15,0,1979,0,0,55.0,55.0,4,4
16,0,1979,0,0,55.0,55.0,4,4
17,0,1979,0,0,55.0,55.0,4,4
18,0,1979,0,0,55.0,55.0,4,4
19,0,1979,0,0,55.0,55.0,4,4
20,0,1979,0,1,55.0,55.0,4,4
21,0,1979,0,0,55.0,55.0,4,4
22,0,1979,0,0,55.0,55.0,4,4
23,0,1979,0,0,55.0,55.0,4,4
24,0,1979,0,0,55.0,55.0,4,4
25,0,1979,0,0,55.0,55.0,4,4
26,0,1979,0,0,55.0,55.0,4,4
27,0,1979,0,0,55.0,55.0,4,4
28,0,1979,0,0,55.0,55.0,4,4
29,0,1979,0,0,55.0,55.0,4,4
30,0,1979,0,0,55.0,55.0,4,4
31,0,1979,0,0,55.0,55.0,4,4
32,0,1979,0,0,55.0,55.0,4,4
33,0,1979,0,0,55.0,55.0,4,4
34,0,1979,0,0,55.0,55.0,4,4
35,0,1979,0,0,55.0,55.0,4,4
36,0,1979,0,0,55.0,55.0,4,4
37,0,1979,0,0,55.0,55.0,4,4
38,0,1979,0,0,55.0,55.0,4,4
39,0,1979,0,0,55.0,55.0,4,4
40,0,1979,0,0,55.0,55.0,4,4
41,0,1979,0,0,55.0,55.0,4,4
42,0,1979,0,0,55.0,55.0,4,4
43,0,1979,0,0,55.0,55.0,4,4
44,0,1979,0,0,55.0,55.0,4,4
45,0,1979,0,0,55.0,55.0,4,4
46,0,1979,0,0,55.0,55.0,4,4
47,0,1979,0,0,55.0,55.0,4,4
48,0,1979,0,0,55.0,55.0,4,4
49,0,1979,0,0,55.0,55.0,4,4
50,0,1979,0,0,55.0,55.0,4,4
51,0,1979,0,0,55.0,55.0,4,4
52,0,1979,0,0,55.0,55.0,4,4
53,0,1979,0,0,55.0,55.0,4,4
0,0,1980,0,0,55.0,55.0,4,4
1,0,1980,0,0,55.0,55.0,4,4
2,0,1980,0,1,55.0,55.0,4,4
3,0,1980,0,1,55.0,55.0,4,4
4,1,1980,0,1,55.0,55.0,4,4
5,0,1980,0,1,55.0,55.0,4,4
6,0,1980,0,0,55.0,55.0,4,4
7,0,1980,0,0,55.0,55.0,4,4
8,0,1980,0,0,55.0,55.0,4,4
9,0,1980,0,0,55.0,55.0,4,4
10,0,1980,0,0,55.0,55.0,4,4
11,0,1980,0,1,55.0,55.0,4,4
12,0,1980,0,1,55.0,55.0,4,4
13,0,1980,0,0,55.0,55.0,4,4
14,0,1980,0,1,55.0,55.0,4,4
15,0,1980,0,0,55.0,55.0,4,4
16,0,1980,0,0,55.0,55.0,4,4
17,0,1980,0,1,55.0,55.0,4,4
18,0,1980,0,0,55.0,55.0,4,4
19,0,1980,0,0,55.0,55.0,4,4
20,0,1980,0,1,55.0,55.0,4,4
21,0,1980,0,1,55.0,55.0,4,4
22,0,1980,0,0,55.0,55.0,4,4
23,0,1980,0,0,55.0,55.0,4,4
24,0,1980,0,0,55.0,55.0,4,4
25,0,1980,0,0,55.0,55.0,4,4
26,0,1980,0,0,55.0,55.0,4,4
27,0,1980,0,0,55.0,55.0,4,4
28,0,1980,0,0,55.0,55.0,4,4
29,0,1980,0,0,55.0,55.0,4,4
30,0,1980,0,0,55.0,55.0,4,4
31,0,1980,0,0,55.0,55.0,4,4
32,0,1980,0,0,55.0,55.0,4,4
33,0,1980,0,0,55.0,55.0,4,4
34,0,1980,0,0,55.0,55.0,4,4
35,0,1980,0,0,55.0,55.0,4,4
36,0,1980,0,0,55.0,55.0,4,4
37,0,1980,0,0,55.0,55.0,4,4
38,0,1980,0,0,55.0,55.0,4,4
39,0,1980,0,0,55.0,55.0,4,4
40,0,1980,0,0,55.0,55.0,4,4
41,0,1980,0,0,55.0,55.0,4,4
42,0,1980,0,0,55.0,55.0,4,4
43,0,1980,0,0,55.0,55.0,4,4
44,0,1980,0,0,55.0,55.0,4,4
45,0,1980,0,0,55.0,55.0,4,4
46,0,1980,0,0,55.0,55.0,4,4
47,0,1980,0,0,55.0,55.0,4,4
48,0,1980,0,0,55.0,55.0,4,4
49,0,1980,0,0,55.0,55.0,4,4
50,0,1980,0,0,55.0,55.0,4,4
51,0,1980,0,0,55.0,55.0,4,4
52,0,1980,0,0,55.0,55.0,4,4
53,0,1980,0,0,55.0,55.0,4,4
0,0,1981,0,0,55.0,55.0,4,4
1,0,1981,0,0,55.0,55.0,4,4
2,0,1981,0,0,55.0,55.0,4,4
3,0,1981,0,1,55.0,55.0,4,4
4,0,1981,0,1,55.0,55.0,4,4
5,0,1981,0,0,55.0,55.0,4,4
6,0,1981,0,1,55.0,55.0,4,4
7,0,1981,0,1,55.0,55.0,4,4
8,0,1981,0,0,55.0,55.0,4,4
9,0,1981,0,0,55.0,55.0,4,4
10,0,1981,0,0,55.0,55.0,4,4
11,0,1981,0,1,55.0,55.0,4,4
12,0,1981,0,0,55.0,55.0,4,4
13,0,1981,0,1,55.0,55.0,4,4
14,0,1981,0,1,55.0,55.0,4,4
15,0,1981,0,1,55.0,55.0,4,4
16,0,1981,0,0,55.0,55.0,4,4
17,1,1981,0,1,55.0,55.0,4,4
18,0,1981,0,0,55.0,55.0,4,4
19,0,1981,0,1,55.0,55.0,4,4
20,0,1981,0,0,55.0,55.0,4,4
21,0,1981,0,0,55.0,55.0,4,4
22,0,1981,0,0,55.0,55.0,4,4
23,0,1981,0,0,55.0,55.0,4,4
24,0,1981,0,0,55.0,55.0,4,4
25,0,1981,0,0,55.0,55.0,4,4
26,0,1981,0,0,55.0,55.0,4,4
27,0,1981,0,0,55.0,55.0,4,4
28,0,1981,0,0,55.0,55.0,4,4
29,0,1981,0,0,55.0,55.0,4,4
30,0,1981,0,0,55.0,55.0,4,4
31,0,1981,0,0,55.0,55.0,4,4
32,0,1981,0,0,55.0,55.0,4,4
33,0,1981,0,0,55.0,55.0,4,4
34,0,1981,0,0,55.0,55.0,4,4
35,0,1981,0,0,55.0,55.0,4,4
36,0,1981,0,0,55.0,55.0,4,4
37,0,1981,0,0,55.0,55.0,4,4
38,0,1981,0,0,55.0,55.0,4,4
39,0,1981,0,0,55.0,55.0,4,4
40,0,1981,0,0,55.0,55.0,4,4
41,0,1981,0,0,55.0,55.0,4,4
42,0,1981,0,0,55.0,55.0,4,4
43,0,1981,0,0,55.0,55.0,4,4
44,0,1981,0,0,55.0,55.0,4,4
45,0,1981,0,0,55.0,55.0,4,4
46,0,1981,0,0,55.0,55.0,4,4
47,0,1981,0,0,55.0,55.0,4,4
48,0,1981,0,0,55.0,55.0,4,4
49,0,1981,0,0,55.0,55.0,4,4
50,0,1981,0,0,55.0,55.0,4,4
51,0,1981,0,0,55.0,55.0,4,4
52,0,1981,0,0,55.0,55.0,4,4
53,0,1981,0,0,55.0,55.0,4,4
0,0,1982,0,0,55.0,55.0,4,4
1,0,1982,0,0,55.0,55.0,4,4
2,0,1982,0,1,55.0,55.0,4,4
3,1,1982,0,1,55.0,55.0,4,4
4,0,1982,0,1,55.0,55.0,4,4
5,0,1982,0,1,55.0,55.0,4,4
6,0,1982,0,0,55.0,55.0,4,4
7,0,1982,0,0,55.0,55.0,4,4
8,0,1982,0,0,55.0,55.0,4,4
9,0,1982,0,0,55.0,55.0,4,4
10,0,1982,0,0,55.0,55.0,4,4
11,0,1982,0,0,55.0,55.0,4,4
12,0,1982,0,0,55.0,55.0,4,4
13,0,1982,0,1,55.0,55.0,4,4
14,0,1982,0,1,55.0,55.0,4,4
15,0,1982,0,1,55.0,55.0,4,4
16,0,1982,0,0,55.0,55.0,4,4
17,0,1982,0,1,55.0,55.0,4,4
18,0,1982,0,0,55.0,55.0,4,4
19,0,1982,0,0,55.0,55.0,4,4
20,0,1982,0,1,55.0,55.0,4,4
21,0,1982,0,0,55.0,55.0,4,4
22,0,1982,0,0,55.0,55.0,4,4
23,0,1982,0,1,55.0,55.0,4,4
24,0,1982,0,0,55.0,55.0,4,4
25,0,1982,0,0,55.0,55.0,4,4
26,0,1982,0,0,55.0,55.0,4,4
27,0,1982,0,0,55.0,55.0,4,4
28,0,1982,0,0,55.0,55.0,4,4
29,0,1982,0,0,55.0,55.0,4,4
30,0,1982,0,0,55.0,55.0,4,4
31,0,1982,0,0,55.0,55.0,4,4
32,0,1982,0,0,55.0,55.0,4,4
33,0,1982,0,0,55.0,55.0,4,4
34,0,1982,0,0,55.0,55.0,4,4
35,0,1982,0,0,55.0,55.0,4,4
36,0,1982,0,0,55.0,55.0,4,4
37,0,1982,0,0,55.0,55.0,4,4
38,0,1982,0,0,55.0,55.0,4,4
39,0,1982,0,0,55.0,55.0,4,4
40,0,1982,0,0,55.0,55.0,4,4
41,0,1982,0,0,55.0,55.0,4,4
42,0,1982,0,0,55.0,55.0,4,4
43,0,1982,0,0,55.0,55.0,4,4
44,0,1982,0,0,55.0,55.0,4,4
45,0,1982,0,0,55.0,55.0,4,4
46,0,1982,0,0,55.0,55.0,4,4
47,0,1982,0,0,55.0,55.0,4,4
48,0,1982,0,0,55.0,55.0,4,4
49,0,1982,0,0,55.0,55.0,4,4
50,0,1982,0,0,55.0,55.0,4,4
51,0,1982,0,0,55.0,55.0,4,4
52,0,1982,0,0,55.0,55.0,4,4
53,0,1982,0,0,55.0,55.0,4,4
0,0,1983,0,1,55.0,55.0,4,4
1,0,1983,0,0,55.0,55.0,4,4
2,0,1983,0,0,55.0,55.0,4,4
3,0,1983,0,1,55.0,55.0,4,4
4,0,1983,0,0,55.0,55.0,4,4
5,0,1983,0,1,55.0,55.0,4,4
6,0,1983,0,0,55.0,55.0,4,4
7,1,1983,0,1,55.0,55.0,4,4
8,0,1983,0,0,55.0,55.0,4,4
9,0,1983,0,0,55.0,55.0,4,4
10,0,1983,0,0,55.0,55.0,4,4
11,0,1983,0,0,55.0,55.0,4,4
12,0,1983,0,1,55.0,55.0,4,4
13,0,1983,0,1,55.0,55.0,4,4
14,0,1983,0,1,55.0,55.0,4,4
15,0,1983,0,0,55.0,55.0,4,4
16,0,1983,0,0,55.0,55.0,4,4
17,0,1983,0,1,55.0,55.0,4,4
18,0,1983,0,0,55.0,55.0,4,4
19,0,1983,0,1,55.0,55.0,4,4
20,0,1983,0,0,55.0,55.0,4,4
21,0,1983,0,0,55.0,55.0,4,4
22,0,1983,0,0,55.0,55.0,4,4
23,0,1983,0,1,55.0,55.0,4,4
24,0,1983,0,0,55.0,55.0,4,4
25,0,1983,0,0,55.0,55.0,4,4
26,0,1983,0,0,55.0,55.0,4,4
27,0,1983,0,0,55.0,55.0,4,4
28,0,1983,0,0,55.0,55.0,4,4
29,0,1983,0,0,55.0,55.0,4,4
30,0,1983,0,0,55.0,55.0,4,4
31,0,1983,0,0,55.0,55.0,4,4
32,0,1983,0,0,55.0,55.0,4,4
33,0,1983,0,0,55.0,55.0,4,4
34,0,1983,0,0,55.0,55.0,4,4
35,0,1983,0,0,55.0,55.0,4,4
36,0,1983,0,0,55.0,55.0,4,4
37,0,1983,0,0,55.0,55.0,4,4
38,0,1983,0,0,55.0,55.0,4,4
39,0,1983,0,0,55.0,55.0,4,4
40,0,1983,0,0,55.0,55.0,4,4
41,0,1983,0,0,55.0,55.0,4,4
42,0,1983,0,0,55.0,55.0,4,4
43,0,1983,0,0,55.0,55.0,4,4
44,0,1983,0,0,55.0,55.0,4,4
45,0,1983,0,0,55.0,55.0,4,4
46,0,1983,0,0,55.0,55.0,4,4
47,0,1983,0,0,55.0,55.0,4,4
48,0,1983,0,0,55.0,55.0,4,4
49,0,1983,0,0,55.0,55.0,4,4
50,0,1983,0,0,55.0,55.0,4,4
51,0,1983,0,0,55.0,55.0,4,4
52,0,1983,0,0,55.0,55.0,4,4
53,0,1983,0,0,55.0,55.0,4,4
0,0,1984,0,0,10.8,55.0,0,4
1,0,1984,0,0,13.3,55.0,0,4
2,0,1984,0,1,9.8,55.0,0,4
3,0,1984,0,1,7.3,55.0,0,4
4,0,1984,0,0,10.6,55.0,0,4
5,0,1984,0,1,15.1,55.0,1,4
6,0,1984,0,0,18.3,55.0,1,4
7,0,1984,0,1,9.2,55.0,0,4
8,0,1984,0,0,50.7,55.0,4,4
9,0,1984,0,0,31.5,55.0,2,4
10,0,1984,0,1,15.5,55.0,1,4
11,0,1984,0,0,13.1,55.0,0,4
12,0,1984,0,0,10.5,55.0,0,4
13,1,1984,0,1,14.4,55.0,0,4
14,0,1984,0,0,7.7,55.0,0,4
15,0,1984,0,1,9.8,55.0,0,4
16,0,1984,0,0,28.4,55.0,2,4
17,0,1984,0,1,4.7,55.0,0,4
18,0,1984,0,1,30.2,55.0,2,4
19,0,1984,0,1,17.4,55.0,1,4
20,0,1984,0,0,23.4,55.0,1,4
21,0,1984,0,0,25.1,55.0,2,4
22,0,1984,0,0,51.3,55.0,4,4
23,0,1984,0,0,37.2,55.0,3,4
24,0,1984,0,0,55.0,55.0,4,4
25,0,1984,0,0,55.0,55.0,4,4
26,0,1984,0,0,55.0,55.0,4,4
27,0,1984,0,0,55.0,55.0,4,4
28,0,1984,0,0,55.0,55.0,4,4
29,0,1984,0,0,55.0,55.0,4,4
30,0,1984,0,0,55.0,55.0,4,4
31,0,1984,0,0,55.0,55.0,4,4
32,0,1984,0,0,55.0,55.0,4,4
33,0,1984,0,0,55.0,55.0,4,4
34,0,1984,0,0,55.0,55.0,4,4
35,0,1984,0,0,55.0,55.0,4,4
36,0,1984,0,0,55.0,55.0,4,4
37,0,1984,0,0,55.0,55.0,4,4
38,0,1984,0,0,55.0,55.0,4,4
39,0,1984,0,0,55.0,55.0,4,4
40,0,1984,0,0,55.0,55.0,4,4
41,0,1984,0,0,55.0,55.0,4,4
42,0,1984,0,0,55.0,55.0,4,4
43,0,1984,0,0,55.0,55.0,4,4
44,0,1984,0,0,55.0,55.0,4,4
45,0,1984,0,0,55.0,55.0,4,4
46,0,1984,0,0,55.0,55.0,4,4
47,0,1984,0,0,55.0,55.0,4,4
48,0,1984,0,0,55.0,55.0,4,4
49,0,1984,0,0,55.0,55.0,4,4
50,0,1984,0,0,55.0,55.0,4,4
51,0,1984,0,0,55.0,55.0,4,4
52,0,1984,0,0,55.0,55.0,4,4
53,0,1984,0,0,55.0,55.0,4,4
0,0,1985,0,1,11.2,55.0,0,4
1,0,1985,0,1,13.5,55.0,0,4
2,0,1985,0,1,10.4,55.0,0,4
3,0,1985,0,0,5.8,55.0,0,4
4,0,1985,0,1,10.3,55.0,0,4
5,0,1985,0,0,14.5,55.0,0,4
6,0,1985,0,1,18.7,55.0,1,4
7,0,1985,0,1,10.0,55.0,0,4
8,0,1985,0,0,55.0,55.0,4,4
9,0,1985,0,0,35.7,55.0,3,4
10,1,1985,0,0,13.8,55.0,0,4
11,0,1985,0,0,13.3,55.0,0,4
12,0,1985,0,1,10.9,55.0,0,4
13,0,1985,0,1,13.9,55.0,0,4
14,0,1985,0,0,8.3,55.0,0,4
15,0,1985,0,0,15.2,55.0,1,4
16,0,1985,0,0,28.0,55.0,2,4
17,0,1985,0,1,4.9,55.0,0,4
18,0,1985,0,0,34.3,55.0,2,4
19,0,1985,0,0,12.7,55.0,0,4
20,0,1985,0,0,19.5,55.0,1,4
21,0,1985,0,1,20.7,55.0,1,4
22,0,1985,0,0,51.3,55.0,4,4
23,0,1985,0,0,33.4,55.0,2,4
24,0,1985,0,0,55.0,55.0,4,4
25,0,1985,0,0,55.0,55.0,4,4
26,0,1985,0,0,55.0,55.0,4,4
27,0,1985,0,0,55.0,55.0,4,4
28,0,1985,0,0,55.0,55.0,4,4
29,0,1985,0,0,55.0,55.0,4,4
30,0,1985,0,0,55.0,55.0,4,4
31,0,1985,0,0,55.0,55.0,4,4
32,0,1985,0,0,55.0,55.0,4,4
33,0,1985,0,0,55.0,55.0,4,4
34,0,1985,0,0,55.0,55.0,4,4
35,0,1985,0,0,55.0,55.0,4,4
36,0,1985,0,0,55.0,55.0,4,4
37,0,1985,0,0,55.0,55.0,4,4
38,0,1985,0,0,55.0,55.0,4,4
39,0,1985,0,0,55.0,55.0,4,4
40,0,1985,0,0,55.0,55.0,4,4
41,0,1985,0,0,55.0,55.0,4,4
42,0,1985,0,0,55.0,55.0,4,4
43,0,1985,0,0,55.0,55.0,4,4
44,0,1985,0,0,55.0,55.0,4,4
45,0,1985,0,0,55.0,55.0,4,4
46,0,1985,0,0,55.0,55.0,4,4
47,0,1985,0,0,55.0,55.0,4,4
48,0,1985,0,0,55.0,55.0,4,4
49,0,1985,0,0,55.0,55.0,4,4
50,0,1985,0,0,55.0,55.0,4,4
51,0,1985,0,0,55.0,55.0,4,4
52,0,1985,0,0,55.0,55.0,4,4
53,0,1985,0,0,55.0,55.0,4,4
0,1,1986,0,0,10.5,55.0,0,4
1,0,1986,0,1,13.9,55.0,0,4
2,0,1986,0,1,11.9,55.0,0,4
3,0,1986,0,1,5.1,55.0,0,4
4,0,1986,0,1,9.7,55.0,0,4
5,0,1986,0,1,15.8,55.0,1,4
6,0,1986,0,1,23.5,55.0,1,4
7,0,1986,0,0,8.9,55.0,0,4
8,0,1986,0,0,55.0,55.0,4,4
9,0,1986,0,0,40.9,55.0,3,4
10,0,1986,0,1,13.2,55.0,0,4
11,0,1986,0,0,13.5,55.0,0,4
12,0,1986,0,0,10.3,55.0,0,4
13,0,1986,0,1,8.9,55.0,0,4
14,0,1986,0,0,8.1,55.0,0,4
15,0,1986,0,0,15.6,55.0,1,4
16,0,1986,0,0,23.4,55.0,1,4
17,0,1986,0,1,5.5,55.0,0,4
18,0,1986,0,0,33.7,55.0,2,4
19,0,1986,0,1,14.0,55.0,0,4
20,0,1986,0,0,23.7,55.0,1,4
21,0,1986,0,0,15.8,55.0,1,4
22,0,1986,0,0,51.3,55.0,4,4
23,0,1986,0,0,29.9,55.0,2,4
24,0,1986,0,0,51.1,55.0,4,4
25,0,1986,0,0,55.0,55.0,4,4
26,0,1986,0,0,55.0,55.0,4,4
27,0,1986,0,0,55.0,55.0,4,4
28,0,1986,0,0,55.0,55.0,4,4
29,0,1986,0,0,55.0,55.0,4,4
30,0,1986,0,0,55.0,55.0,4,4
31,0,1986,0,0,55.0,55.0,4,4
32,0,1986,0,0,55.0,55.0,4,4
33,0,1986,0,0,55.0,55.0,4,4
34,0,1986,0,0,55.0,55.0,4,4
35,0,1986,0,0,55.0,55.0,4,4
36,0,1986,0,0,55.0,55.0,4,4
37,0,1986,0,0,55.0,55.0,4,4
38,0,1986,0,0,55.0,55.0,4,4
39,0,1986,0,0,55.0,55.0,4,4
40,0,1986,0,0,55.0,55.0,4,4
41,0,1986,0,0,55.0,55.0,4,4
42,0,1986,0,0,55.0,55.0,4,4
43,0,1986,0,0,55.0,55.0,4,4
44,0,1986,0,0,55.0,55.0,4,4
45,0,1986,0,0,55.0,55.0,4,4
46,0,1986,0,0,55.0,55.0,4,4
47,0,1986,0,0,55.0,55.0,4,4
48,0,1986,0,0,55.0,55.0,4,4
49,0,1986,0,0,55.0,55.0,4,4
50,0,1986,0,0,55.0,55.0,4,4
51,0,1986,0,0,55.0,55.0,4,4
52,0,1986,0,0,55.0,55.0,4,4
53,0,1986,0,0,55.0,55.0,4,4
0,0,1987,0,1,10.9,55.0,0,4
1,0,1987,0,0,14.4,55.0,0,4
2,0,1987,0,0,13.2,55.0,0,4
3,0,1987,0,1,4.5,55.0,0,4
4,1,1987,0,1,9.5,55.0,0,4
5,0,1987,0,0,15.5,55.0,1,4
6,0,1987,0,0,22.5,55.0,1,4
7,0,1987,0,1,9.4,55.0,0,4
8,0,1987,0,0,55.0,55.0,4,4
9,0,1987,0,0,46.0,55.0,4,4
10,0,1987,0,0,12.7,55.0,0,4
11,0,1987,0,0,13.8,55.0,0,4
12,0,1987,0,1,11.3,55.0,0,4
13,0,1987,0,1,8.3,55.0,0,4
14,0,1987,0,1,9.2,55.0,0,4
15,0,1987,0,0,15.0,55.0,1,4
16,0,1987,0,1,20.1,55.0,1,4
17,0,1987,0,1,6.6,55.0,0,4
18,0,1987,0,0,28.6,55.0,2,4
19,0,1987,0,0,14.3,55.0,0,4
20,0,1987,0,0,24.2,55.0,1,4
21,0,1987,0,1,10.8,55.0,0,4
22,0,1987,0,0,51.3,55.0,4,4
23,0,1987,0,0,25.1,55.0,2,4
24,0,1987,0,0,47.2,55.0,4,4
25,0,1987,0,0,55.0,55.0,4,4
26,0,1987,0,0,55.0,55.0,4,4
27,0,1987,0,0,55.0,55.0,4,4
28,0,1987,0,0,55.0,55.0,4,4
29,0,1987,0,0,55.0,55.0,4,4
30,0,1987,0,0,55.0,55.0,4,4
31,0,1987,0,0,55.0,55.0,4,4
32,0,1987,0,0,55.0,55.0,4,4
33,0,1987,0,0,55.0,55.0,4,4
34,0,1987,0,0,55.0,55.0,4,4
35,0,1987,0,0,55.0,55.0,4,4
36,0,1987,0,0,55.0,55.0,4,4
37,0,1987,0,0,55.0,55.0,4,4
38,0,1987,0,0,55.0,55.0,4,4
39,0,1987,0,0,55.0,55.0,4,4
40,0,1987,0,0,55.0,55.0,4,4
41,0,1987,0,0,55.0,55.0,4,4
42,0,1987,0,0,55.0,55.0,4,4
43,0,1987,0,0,55.0,55.0,4,4
44,0,1987,0,0,55.0,55.0,4,4
45,0,1987,0,0,55.0,55.0,4,4
46,0,1987,0,0,55.0,55.0,4,4
47,0,1987,0,0,55.0,55.0,4,4
48,0,1987,0,0,55.0,55.0,4,4
49,0,1987,0,0,55.0,55.0,4,4
50,0,1987,0,0,55.0,55.0,4,4
51,0,1987,0,0,55.0,55.0,4,4
52,0,1987,0,0,55.0,55.0,4,4
53,0,1987,0,0,55.0,55.0,4,4
0,0,1988,0,0,12.6,55.0,0,4
1,0,1988,0,0,14.6,55.0,0,4
2,0,1988,0,0,13.9,55.0,0,4
3,0,1988,0,1,5.3,55.0,0,4
4,0,1988,0,1,9.8,55.0,0,4
5,0,1988,0,1,16.1,55.0,1,4
6,0,1988,0,1,22.6,55.0,1,4
7,0,1988,0,0,9.1,55.0,0,4
8,0,1988,0,0,55.0,55.0,4,4
9,0,1988,0,0,51.1,55.0,4,4
10,0,1988,0,1,11.2,55.0,0,4
11,0,1988,0,0,13.9,55.0,0,4
12,0,1988,0,0,11.4,55.0,0,4
13,0,1988,0,0,8.1,55.0,0,4
14,1,1988,0,0,8.4,55.0,0,4
15,0,1988,0,1,14.6,55.0,0,4
16,0,1988,0,0,19.7,55.0,1,4
17,0,1988,0,0,5.7,55.0,0,4
18,0,1988,0,1,23.7,55.0,1,4
19,0,1988,0,0,14.9,55.0,1,4
20,0,1988,0,1,25.1,55.0,2,4
21,0,1988,0,1,9.5,55.0,0,4
22,0,1988,0,0,51.3,55.0,4,4
23,0,1988,0,1,25.1,55.0,2,4
24,0,1988,0,0,43.3,55.0,3,4
25,0,1988,0,0,55.0,55.0,4,4
26,0,1988,0,0,55.0,55.0,4,4
27,0,1988,0,0,55.0,55.0,4,4
28,0,1988,0,0,55.0,55.0,4,4
29,0,1988,0,0,55.0,55.0,4,4
30,0,1988,0,0,55.0,55.0,4,4
31,0,1988,0,0,55.0,55.0,4,4
32,0,1988,0,0,55.0,55.0,4,4
33,0,1988,0,0,55.0,55.0,4,4
34,0,1988,0,0,55.0,55.0,4,4
35,0,1988,0,0,55.0,55.0,4,4
36,0,1988,0,0,55.0,55.0,4,4
37,0,1988,0,0,55.0,55.0,4,4
38,0,1988,0,0,55.0,55.0,4,4
39,0,1988,0,0,55.0,55.0,4,4
40,0,1988,0,0,55.0,55.0,4,4
41,0,1988,0,0,55.0,55.0,4,4
42,0,1988,0,0,55.0,55.0,4,4
43,0,1988,0,0,55.0,55.0,4,4
44,0,1988,0,0,55.0,55.0,4,4
45,0,1988,0,0,55.0,55.0,4,4
46,0,1988,0,0,55.0,55.0,4,4
47,0,1988,0,0,55.0,55.0,4,4
48,0,1988,0,0,55.0,55.0,4,4
49,0,1988,0,0,55.0,55.0,4,4
50,0,1988,0,0,55.0,55.0,4,4
51,0,1988,0,0,55.0,55.0,4,4
52,0,1988,0,0,55.0,55.0,4,4
53,0,1988,0,0,55.0,55.0,4,4
0,0,1989,0,0,12.7,55.0,0,4
1,0,1989,0,0,13.9,55.0,0,4
2,0,1989,0,1,14.4,55.0,0,4
3,0,1989,0,0,6.3,55.0,0,4
4,0,1989,0,1,11.1,55.0,0,4
5,0,1989,0,1,17.2,55.0,1,4
6,0,1989,0,0,22.0,55.0,1,4
7,0,1989,0,1,9.8,55.0,0,4
8,0,1989,0,0,55.0,55.0,4,4
9,0,1989,0,0,55.0,55.0,4,4
10,0,1989,0,1,11.8,55.0,0,4
11,0,1989,0,0,14.6,55.0,0,4
12,0,1989,0,0,11.8,55.0,0,4
13,0,1989,0,0,6.8,55.0,0,4
14,0,1989,0,1,8.7,55.0,0,4
15,0,1989,0,1,14.9,55.0,1,4
16,0,1989,0,0,16.3,55.0,1,4
17,0,1989,0,1,5.2,55.0,0,4
18,1,1989,0,1,18.3,55.0,1,4
19,0,1989,0,0,13.5,55.0,0,4
20,0,1989,0,0,25.3,55.0,2,4
21,0,1989,0,1,9.2,55.0,0,4
22,0,1989,0,0,51.3,55.0,4,4
23,0,1989,0,0,20.7,55.0,1,4
24,0,1989,0,0,40.0,55.0,3,4
25,0,1989,0,0,55.0,55.0,4,4
26,0,1989,0,0,55.0,55.0,4,4
27,0,1989,0,0,55.0,55.0,4,4
28,0,1989,0,0,55.0,55.0,4,4
29,0,1989,0,0,55.0,55.0,4,4
30,0,1989,0,0,55.0,55.0,4,4
31,0,1989,0,0,55.0,55.0,4,4
32,0,1989,0,0,55.0,55.0,4,4
33,0,1989,0,0,55.0,55.0,4,4
34,0,1989,0,0,55.0,55.0,4,4
35,0,1989,0,0,55.0,55.0,4,4
36,0,1989,0,0,55.0,55.0,4,4
37,0,1989,0,0,55.0,55.0,4,4
38,0,1989,0,0,55.0,55.0,4,4
39,0,1989,0,0,55.0,55.0,4,4
40,0,1989,0,0,55.0,55.0,4,4
41,0,1989,0,0,55.0,55.0,4,4
42,0,1989,0,0,55.0,55.0,4,4
43,0,1989,0,0,55.0,55.0,4,4
44,0,1989,0,0,55.0,55.0,4,4
45,0,1989,0,0,55.0,55.0,4,4
46,0,1989,0,0,55.0,55.0,4,4
47,0,1989,0,0,55.0,55.0,4,4
48,0,1989,0,0,55.0,55.0,4,4
49,0,1989,0,0,55.0,55.0,4,4
50,0,1989,0,0,55.0,55.0,4,4
51,0,1989,0,0,55.0,55.0,4,4
52,0,1989,0,0,55.0,55.0,4,4
53,0,1989,0,0,55.0,55.0,4,4
0,0,1990,0,0,12.2,55.0,0,4
1,0,1990,0,1,14.1,55.0,0,4
2,0,1990,0,1,13.6,55.0,0,4
3,0,1990,0,0,7.0,55.0,0,4
4,0,1990,0,0,11.2,55.0,0,4
5,0,1990,0,0,13.5,55.0,0,4
6,1,1990,0,1,21.5,55.0,1,4
7,0,1990,0,0,10.2,55.0,0,4
8,0,1990,0,0,55.0,55.0,4,4
9,0,1990,0,0,55.0,55.0,4,4
10,0,1990,0,0,12.4,55.0,0,4
11,0,1990,0,0,15.9,55.0,1,4
12,0,1990,0,1,11.1,55.0,0,4
13,0,1990,0,1,7.4,55.0,0,4
14,0,1990,0,0,9.4,55.0,0,4
15,0,1990,0,0,15.9,55.0,1,4
16,0,1990,0,0,16.5,55.0,1,4
17,0,1990,0,1,5.5,55.0,0,4
18,0,1990,0,1,13.5,55.0,0,4
19,0,1990,0,1,13.7,55.0,0,4
20,0,1990,0,1,25.9,55.0,2,4
21,0,1990,0,1,8.6,55.0,0,4
22,0,1990,0,0,55.0,55.0,4,4
23,0,1990,0,0,16.6,55.0,1,4
24,0,1990,0,0,34.9,55.0,3,4
25,0,1990,0,0,55.0,55.0,4,4
26,0,1990,0,0,55.0,55.0,4,4
27,0,1990,0,0,55.0,55.0,4,4
28,0,1990,0,0,55.0,55.0,4,4
29,0,1990,0,0,55.0,55.0,4,4
30,0,1990,0,0,55.0,55.0,4,4
31,0,1990,0,0,55.0,55.0,4,4
32,0,1990,0,0,55.0,55.0,4,4
33,0,1990,0,0,55.0,55.0,4,4
34,0,1990,0,0,55.0,55.0,4,4
35,0,1990,0,0,55.0,55.0,4,4
36,0,1990,0,0,55.0,55.0,4,4
37,0,1990,0,0,55.0,55.0,4,4
38,0,1990,0,0,55.0,55.0,4,4
39,0,1990,0,0,55.0,55.0,4,4
40,0,1990,0,0,55.0,55.0,4,4
41,0,1990,0,0,55.0,55.0,4,4
42,0,1990,0,0,55.0,55.0,4,4
43,0,1990,0,0,55.0,55.0,4,4
44,0,1990,0,0,55.0,55.0,4,4
45,0,1990,0,0,55.0,55.0,4,4
46,0,1990,0,0,55.0,55.0,4,4
47,0,1990,0,0,55.0,55.0,4,4
48,0,1990,0,0,55.0,55.0,4,4
49,0,1990,0,0,55.0,55.0,4,4
50,0,1990,0,0,55.0,55.0,4,4
51,0,1990,0,0,55.0,55.0,4,4
52,0,1990,0,0,55.0,55.0,4,4
53,0,1990,0,0,55.0,55.0,4,4
0,0,1991,0,0,12.5,55.0,0,4
1,0,1991,0,0,14.5,55.0,0,4
2,1,1991,0,1,13.5,55.0,0,4
3,0,1991,0,1,8.6,55.0,0,4
4,0,1991,0,1,11.7,55.0,0,4
5,0,1991,0,0,13.1,55.0,0,4
6,0,1991,0,1,16.7,55.0,1,4
7,0,1991,0,0,10.5,55.0,0,4
8,0,1991,0,0,50.1,55.0,4,4
9,0,1991,0,0,55.0,55.0,4,4
10,0,1991,0,0,12.1,55.0,0,4
11,0,1991,0,0,14.9,55.0,1,4
12,0,1991,0,1,10.1,55.0,0,4
13,0,1991,0,0,6.5,55.0,0,4
14,0,1991,0,0,9.5,55.0,0,4
15,0,1991,0,0,20.5,55.0,1,4
16,0,1991,0,0,15.8,55.0,1,4
17,0,1991,0,1,6.5,55.0,0,4
18,0,1991,0,1,14.1,55.0,0,4
19,0,1991,0,1,14.2,55.0,0,4
20,0,1991,0,0,26.4,55.0,2,4
21,0,1991,0,1,9.3,55.0,0,4
22,0,1991,0,0,55.0,55.0,4,4
23,0,1991,0,0,16.9,55.0,1,4
24,0,1991,0,1,30.9,55.0,2,4
25,0,1991,0,0,55.0,55.0,4,4
26,0,1991,0,0,55.0,55.0,4,4
27,0,1991,0,0,55.0,55.0,4,4
28,0,1991,0,0,55.0,55.0,4,4
29,0,1991,0,0,55.0,55.0,4,4
30,0,1991,0,0,55.0,55.0,4,4
31,0,1991,0,0,55.0,55.0,4,4
32,0,1991,0,0,55.0,55.0,4,4
33,0,1991,0,0,55.0,55.0,4,4
34,0,1991,0,0,55.0,55.0,4,4
35,0,1991,0,0,55.0,55.0,4,4
36,0,1991,0,0,55.0,55.0,4,4
37,0,1991,0,0,55.0,55.0,4,4
38,0,1991,0,0,55.0,55.0,4,4
39,0,1991,0,0,55.0,55.0,4,4
40,0,1991,0,0,55.0,55.0,4,4
41,0,1991,0,0,55.0,55.0,4,4
42,0,1991,0,0,55.0,55.0,4,4
43,0,1991,0,0,55.0,55.0,4,4
44,0,1991,0,0,55.0,55.0,4,4
45,0,1991,0,0,55.0,55.0,4,4
46,0,1991,0,0,55.0,55.0,4,4
47,0,1991,0,0,55.0,55.0,4,4
48,0,1991,0,0,55.0,55.0,4,4
49,0,1991,0,0,55.0,55.0,4,4
50,0,1991,0,0,55.0,55.0,4,4
51,0,1991,0,0,55.0,55.0,4,4
52,0,1991,0,0,55.0,55.0,4,4
53,0,1991,0,0,55.0,55.0,4,4
0,0,1992,0,0,14.1,55.0,0,4
1,0,1992,0,0,15.0,55.0,1,4
2,0,1992,0,1,8.8,55.0,0,4
3,0,1992,0,0,10.1,55.0,0,4
4,1,1992,0,1,10.7,55.0,0,4
5,0,1992,0,1,13.5,55.0,0,4
6,0,1992,0,1,11.6,55.0,0,4
7,0,1992,0,0,12.0,55.0,0,4
8,0,1992,0,1,44.9,55.0,3,4
9,0,1992,0,0,55.0,55.0,4,4
10,0,1992,0,0,12.7,55.0,0,4
11,0,1992,0,1,15.3,55.0,1,4
12,0,1992,0,1,10.5,55.0,0,4
13,0,1992,0,1,7.9,55.0,0,4
14,0,1992,0,1,10.7,55.0,0,4
15,0,1992,0,0,19.8,55.0,1,4
16,0,1992,0,0,16.2,55.0,1,4
17,0,1992,0,0,6.0,55.0,0,4
18,0,1992,0,0,14.0,55.0,0,4
19,0,1992,0,0,14.3,55.0,0,4
20,0,1992,0,0,21.4,55.0,1,4
21,0,1992,0,0,8.8,55.0,0,4
22,0,1992,0,0,55.0,55.0,4,4
23,0,1992,0,1,17.5,55.0,1,4
24,0,1992,0,0,26.1,55.0,2,4
25,0,1992,0,0,55.0,55.0,4,4
26,0,1992,0,0,55.0,55.0,4,4
27,0,1992,0,0,55.0,55.0,4,4
28,0,1992,0,0,55.0,55.0,4,4
29,0,1992,0,0,55.0,55.0,4,4
30,0,1992,0,0,55.0,55.0,4,4
31,0,1992,0,0,55.0,55.0,4,4
32,0,1992,0,0,55.0,55.0,4,4
33,0,1992,0,0,55.0,55.0,4,4
34,0,1992,0,0,55.0,55.0,4,4
35,0,1992,0,0,55.0,55.0,4,4
36,0,1992,0,0,55.0,55.0,4,4
37,0,1992,0,0,55.0,55.0,4,4
38,0,1992,0,0,55.0,55.0,4,4
39,0,1992,0,0,55.0,55.0,4,4
40,0,1992,0,0,55.0,55.0,4,4
41,0,1992,0,0,55.0,55.0,4,4
42,0,1992,0,0,55.0,55.0,4,4
43,0,1992,0,0,55.0,55.0,4,4
44,0,1992,0,0,55.0,55.0,4,4
45,0,1992,0,0,55.0,55.0,4,4
46,0,1992,0,0,55.0,55.0,4,4
47,0,1992,0,0,55.0,55.0,4,4
48,0,1992,0,0,55.0,55.0,4,4
49,0,1992,0,0,55.0,55.0,4,4
50,0,1992,0,0,55.0,55.0,4,4
51,0,1992,0,0,55.0,55.0,4,4
52,0,1992,0,0,55.0,55.0,4,4
53,0,1992,0,0,55.0,55.0,4,4
0,0,1993,0,0,14.8,55.0,1,4
1,0,1993,0,0,15.6,55.0,1,4
2,0,1993,0,1,8.4,55.0,0,4
3,0,1993,0,0,11.4,55.0,0,4
4,1,1993,0,1,5.3,55.0,0,4
5,0,1993,0,1,15.7,55.0,1,4
6,0,1993,0,1,11.6,55.0,0,4
7,0,1993,0,0,13.9,55.0,0,4
8,0,1993,0,1,40.2,55.0,3,4
9,0,1993,0,0,55.0,55.0,4,4
10,0,1993,0,0,12.3,55.0,0,4
11,0,1993,0,0,15.0,55.0,1,4
12,0,1993,0,0,9.7,55.0,0,4
13,0,1993,0,0,8.3,55.0,0,4
14,0,1993,0,0,9.5,55.0,0,4
15,0,1993,0,1,19.7,55.0,1,4
16,0,1993,0,0,16.3,55.0,1,4
17,0,1993,0,1,5.6,55.0,0,4
18,0,1993,0,0,19.1,55.0,1,4
19,0,1993,0,1,14.7,55.0,1,4
20,0,1993,0,1,20.9,55.0,1,4
21,0,1993,0,0,9.4,55.0,0,4
22,0,1993,0,0,55.0,55.0,4,4
23,0,1993,0,0,17.8,55.0,1,4
24,0,1993,0,1,21.9,55.0,1,4
25,0,1993,0,0,51.1,55.0,4,4
26,0,1993,0,0,51.0,55.0,4,4
27,0,1993,0,0,51.7,55.0,4,4
28,0,1993,0,0,55.0,55.0,4,4
29,0,1993,0,0,55.0,55.0,4,4
30,0,1993,0,0,55.0,55.0,4,4
31,0,1993,0,0,55.0,55.0,4,4
32,0,1993,0,0,55.0,55.0,4,4
33,0,1993,0,0,55.0,55.0,4,4
34,0,1993,0,0,55.0,55.0,4,4
35,0,1993,0,0,55.0,55.0,4,4
36,0,1993,0,0,55.0,55.0,4,4
37,0,1993,0,0,55.0,55.0,4,4
38,0,1993,0,0,55.0,55.0,4,4
39,0,1993,0,0,55.0,55.0,4,4
40,0,1993,0,0,55.0,55.0,4,4
41,0,1993,0,0,55.0,55.0,4,4
42,0,1993,0,0,55.0,55.0,4,4
43,0,1993,0,0,55.0,55.0,4,4
44,0,1993,0,0,55.0,55.0,4,4
45,0,1993,0,0,55.0,55.0,4,4
46,0,1993,0,0,55.0,55.0,4,4
47,0,1993,0,0,55.0,55.0,4,4
48,0,1993,0,0,55.0,55.0,4,4
49,0,1993,0,0,55.0,55.0,4,4
50,0,1993,0,0,55.0,55.0,4,4
51,0,1993,0,0,55.0,55.0,4,4
52,0,1993,0,0,55.0,55.0,4,4
53,0,1993,0,0,55.0,55.0,4,4
0,0,1994,0,0,19.7,15.25,1,1
1,0,1994,0,0,16.9,15.1,1,0
2,0,1994,0,1,8.3,9.05,0,0
3,0,1994,0,0,10.4,8.85,0,0
4,1,1994,0,1,5.2,7.9,0,0
5,0,1994,0,0,15.7,15.4,1,1
6,0,1994,0,0,16.6,17.45,1,1
7,0,1994,0,0,18.4,13.8,1,0
8,0,1994,0,1,35.2,42.95,3,3
9,0,1994,0,0,55.0,43.25,4,3
10,0,1994,0,1,11.2,13.35,0,0
11,0,1994,0,1,14.7,13.9,1,0
12,0,1994,0,0,11.2,10.85,0,0
13,0,1994,0,1,9.5,11.95,0,0
14,0,1994,0,1,9.9,8.8,0,0
15,0,1994,0,1,20.6,15.2,1,0
16,0,1994,0,0,20.6,24.5,1,1
17,0,1994,0,1,5.9,5.3,0,0
18,0,1994,0,0,22.8,26.5,1,2
19,0,1994,0,0,14.5,15.95,0,1
20,0,1994,0,1,16.8,20.1,1,1
21,0,1994,0,0,14.5,19.8,0,1
22,0,1994,0,0,55.0,53.15,4,4
23,0,1994,0,0,17.4,27.3,1,2
24,0,1994,0,0,17.6,36.3,1,3
25,0,1994,0,0,47.1,51.05,4,4
26,0,1994,0,0,47.1,51.05,4,4
27,0,1994,0,0,51.7,53.35,4,4
28,0,1994,0,0,51.9,53.45,4,4
29,0,1994,0,0,49.9,52.45,4,4
30,0,1994,0,0,52.0,53.5,4,4
31,0,1994,0,0,49.7,52.35,4,4
32,0,1994,0,0,51.6,53.3,4,4
33,0,1994,0,0,50.4,52.7,4,4
34,0,1994,0,0,51.4,53.2,4,4
35,0,1994,0,0,55.0,55.0,4,4
36,0,1994,0,0,55.0,55.0,4,4
37,0,1994,0,0,55.0,55.0,4,4
38,0,1994,0,0,55.0,55.0,4,4
39,0,1994,0,0,55.0,55.0,4,4
40,0,1994,0,0,55.0,55.0,4,4
41,0,1994,0,0,55.0,55.0,4,4
42,0,1994,0,0,55.0,55.0,4,4
43,0,1994,0,0,55.0,55.0,4,4
44,0,1994,0,0,55.0,55.0,4,4
45,0,1994,0,0,55.0,55.0,4,4
46,0,1994,0,0,55.0,55.0,4,4
47,0,1994,0,0,55.0,55.0,4,4
48,0,1994,0,0,55.0,55.0,4,4
49,0,1994,0,0,55.0,55.0,4,4
50,0,1994,0,0,55.0,55.0,4,4
51,0,1994,0,0,55.0,55.0,4,4
52,0,1994,0,0,55.0,55.0,4,4
53,0,1994,0,0,55.0,55.0,4,4
0,0,1995,0,0,19.8,15.5,1,1
1,0,1995,0,0,21.5,17.5,1,1
2,0,1995,0,1,7.7,9.05,0,0
3,0,1995,0,1,12.5,9.15,0,0
4,0,1995,0,1,6.0,8.15,0,0
5,0,1995,0,0,16.0,15.25,1,1
6,0,1995,0,0,21.4,20.05,1,1
7,0,1995,0,0,22.6,16.3,1,1
8,0,1995,0,1,30.8,42.9,2,3
9,0,1995,0,0,55.0,45.35,4,4
10,1,1995,0,1,11.2,12.5,0,0
11,0,1995,0,1,15.0,14.15,1,0
12,0,1995,0,0,10.0,10.45,0,0
13,0,1995,0,0,9.5,11.7,0,0
14,0,1995,0,0,14.2,11.25,0,0
15,0,1995,0,0,20.6,17.9,1,1
16,0,1995,0,0,20.7,24.35,1,1
17,0,1995,0,1,6.5,5.7,0,0
18,0,1995,0,0,22.8,28.55,1,2
19,0,1995,0,0,15.0,13.85,1,0
20,0,1995,0,0,16.4,17.95,1,1
21,0,1995,0,0,13.9,17.3,0,1
22,0,1995,0,0,55.0,53.15,4,4
23,0,1995,0,0,16.6,25.0,1,1
24,0,1995,0,0,13.6,34.3,0,2
25,0,1995,0,0,43.5,49.25,3,4
26,0,1995,0,0,42.2,48.6,3,4
27,0,1995,0,0,46.9,50.95,4,4
28,0,1995,0,0,51.9,53.45,4,4
29,0,1995,0,1,46.6,50.8,4,4
30,0,1995,0,0,52.0,53.5,4,4
31,0,1995,0,1,46.0,50.5,4,4
32,0,1995,0,0,51.6,53.3,4,4
33,0,1995,0,1,46.6,50.8,4,4
34,0,1995,0,0,51.4,53.2,4,4
35,0,1995,0,0,55.0,55.0,4,4
36,0,1995,0,0,55.0,55.0,4,4
37,0,1995,0,0,55.0,55.0,4,4
38,0,1995,0,0,55.0,55.0,4,4
39,0,1995,0,0,55.0,55.0,4,4
40,0,1995,0,0,55.0,55.0,4,4
41,0,1995,0,0,55.0,55.0,4,4
42,0,1995,0,0,55.0,55.0,4,4
43,0,1995,0,0,55.0,55.0,4,4
44,0,1995,0,0,55.0,55.0,4,4
45,0,1995,0,0,55.0,55.0,4,4
46,0,1995,0,0,55.0,55.0,4,4
47,0,1995,0,0,55.0,55.0,4,4
48,0,1995,0,0,55.0,55.0,4,4
49,0,1995,0,0,55.0,55.0,4,4
50,0,1995,0,0,55.0,55.0,4,4
51,0,1995,0,0,55.0,55.0,4,4
52,0,1995,0,0,55.0,55.0,4,4
53,0,1995,0,0,55.0,55.0,4,4
0,0,1996,0,0,21.3,15.9,1,1
1,0,1996,0,0,22.3,18.1,1,1
2,0,1996,0,1,7.9,9.9,0,0
3,0,1996,0,0,17.2,11.15,1,0
4,1,1996,0,0,5.7,7.7,0,0
5,0,1996,0,1,19.6,17.7,1,1
6,0,1996,0,0,21.4,22.45,1,1
7,0,1996,0,0,27.8,18.35,2,1
8,0,1996,0,0,26.4,40.7,2,3
9,0,1996,0,0,55.0,47.95,4,4
10,0,1996,0,1,10.2,11.7,0,0
11,0,1996,0,0,14.2,13.85,0,0
12,0,1996,0,1,11.0,10.65,0,0
13,0,1996,0,1,9.3,9.1,0,0
14,0,1996,0,0,15.7,11.9,1,0
15,0,1996,0,0,20.0,17.8,1,1
16,0,1996,0,0,21.0,22.2,1,1
17,0,1996,0,1,6.6,6.05,0,0
18,0,1996,0,0,27.2,30.45,2,2
19,0,1996,0,0,14.2,14.1,0,0
20,0,1996,0,0,12.3,18.0,0,1
21,0,1996,0,1,18.8,17.3,1,1
22,0,1996,0,0,55.0,53.15,4,4
23,0,1996,0,1,15.5,22.7,1,1
24,0,1996,0,0,13.3,32.2,0,2
25,0,1996,0,0,40.2,47.6,3,4
26,0,1996,0,1,37.1,46.05,3,4
27,0,1996,0,1,43.5,49.25,3,4
28,0,1996,0,0,46.9,50.95,4,4
29,0,1996,0,0,46.6,50.8,4,4
30,0,1996,0,0,52.0,53.5,4,4
31,0,1996,0,0,42.0,48.5,3,4
32,0,1996,0,0,51.6,53.3,4,4
33,0,1996,0,0,46.6,50.8,4,4
34,0,1996,0,0,47.7,51.35,4,4
35,0,1996,0,0,55.0,55.0,4,4
36,0,1996,0,0,55.0,55.0,4,4
37,0,1996,0,0,55.0,55.0,4,4
38,0,1996,0,0,55.0,55.0,4,4
39,0,1996,0,0,55.0,55.0,4,4
40,0,1996,0,0,55.0,55.0,4,4
41,0,1996,0,0,55.0,55.0,4,4
42,0,1996,0,0,55.0,55.0,4,4
43,0,1996,0,0,55.0,55.0,4,4
44,0,1996,0,0,55.0,55.0,4,4
45,0,1996,0,0,55.0,55.0,4,4
46,0,1996,0,0,55.0,55.0,4,4
47,0,1996,0,0,55.0,55.0,4,4
48,0,1996,0,0,55.0,55.0,4,4
49,0,1996,0,0,55.0,55.0,4,4
50,0,1996,0,0,55.0,55.0,4,4
51,0,1996,0,0,55.0,55.0,4,4
52,0,1996,0,0,55.0,55.0,4,4
53,0,1996,0,0,55.0,55.0,4,4
0,0,1997,0,0,25.7,18.3,2,1
1,0,1997,0,0,26.3,20.35,2,1
2,0,1997,0,0,7.2,10.2,0,0
3,0,1997,0,0,18.8,11.65,1,0
4,0,1997,0,1,5.8,7.65,0,0
5,0,1997,0,0,24.3,19.9,1,1
6,0,1997,0,0,21.5,22.0,1,1
7,0,1997,0,0,31.2,20.3,2,1
8,0,1997,0,0,21.8,38.4,1,3
9,0,1997,0,0,55.0,50.5,4,4
10,0,1997,0,1,11.8,12.25,0,0
11,0,1997,0,1,14.8,14.3,1,0
12,0,1997,0,0,9.7,10.5,0,0
13,0,1997,0,1,9.5,8.9,0,0
14,0,1997,0,0,16.2,12.7,1,0
15,0,1997,0,1,21.7,18.35,1,1
16,0,1997,0,0,19.1,19.6,1,1
17,1,1997,0,1,5.4,6.0,0,0
18,0,1997,0,0,32.3,30.45,2,2
19,0,1997,0,1,14.3,14.3,0,0
20,0,1997,0,0,12.5,18.35,0,1
21,0,1997,0,0,19.9,15.35,1,1
22,0,1997,0,0,55.0,53.15,4,4
23,0,1997,0,1,15.3,20.2,1,1
24,0,1997,0,0,13.7,30.45,0,2
25,0,1997,0,0,36.6,45.8,3,4
26,0,1997,0,1,33.3,44.15,2,3
27,0,1997,0,0,39.0,47.0,3,4
28,0,1997,0,1,42.2,48.6,3,4
29,0,1997,0,0,42.4,48.7,3,4
30,0,1997,0,0,52.0,53.5,4,4
31,0,1997,0,0,37.6,46.3,3,4
32,0,1997,0,0,51.6,53.3,4,4
33,0,1997,0,0,42.6,48.8,3,4
34,0,1997,0,0,47.7,51.35,4,4
35,0,1997,0,0,55.0,55.0,4,4
36,0,1997,0,0,55.0,55.0,4,4
37,0,1997,0,0,55.0,55.0,4,4
38,0,1997,0,0,55.0,55.0,4,4
39,0,1997,0,0,55.0,55.0,4,4
40,0,1997,0,0,55.0,55.0,4,4
41,0,1997,0,0,55.0,55.0,4,4
42,0,1997,0,0,55.0,55.0,4,4
43,0,1997,0,0,55.0,55.0,4,4
44,0,1997,0,0,55.0,55.0,4,4
45,0,1997,0,0,55.0,55.0,4,4
46,0,1997,0,0,55.0,55.0,4,4
47,0,1997,0,0,55.0,55.0,4,4
48,0,1997,0,0,55.0,55.0,4,4
49,0,1997,0,0,55.0,55.0,4,4
50,0,1997,0,0,55.0,55.0,4,4
51,0,1997,0,0,55.0,55.0,4,4
52,0,1997,0,0,55.0,55.0,4,4
53,0,1997,0,0,55.0,55.0,4,4
0,0,1998,0,0,24.4,18.5,1,1
1,0,1998,0,0,25.8,20.2,2,1
2,0,1998,0,1,8.6,11.25,0,0
3,0,1998,0,0,18.1,11.7,1,0
4,0,1998,0,1,5.9,7.85,0,0
5,1,1998,0,0,23.7,19.9,1,1
6,0,1998,0,1,25.7,24.15,2,1
7,0,1998,0,0,36.3,22.7,3,1
8,0,1998,0,1,16.6,35.8,1,3
9,0,1998,0,0,55.0,53.05,4,4
10,0,1998,0,0,12.1,11.65,0,0
11,0,1998,0,0,14.2,14.05,0,0
12,0,1998,0,1,10.2,10.8,0,0
13,0,1998,0,0,9.3,8.7,0,0
14,0,1998,0,0,18.6,13.5,1,0
15,0,1998,0,0,21.2,17.9,1,1
16,0,1998,0,1,19.0,19.35,1,1
17,0,1998,0,1,5.4,5.55,0,0
18,0,1998,0,0,37.2,30.45,3,2
19,0,1998,0,0,17.7,16.3,1,1
20,0,1998,0,0,12.8,18.95,0,1
21,0,1998,0,0,25.1,17.3,2,1
22,0,1998,0,0,55.0,53.15,4,4
23,0,1998,0,1,10.9,18.0,0,1
24,0,1998,0,0,17.6,30.45,1,2
25,0,1998,0,0,36.6,45.8,3,4
26,0,1998,0,0,28.3,41.65,2,3
27,0,1998,0,1,35.3,45.15,3,4
28,0,1998,0,1,38.0,46.5,3,4
29,0,1998,0,0,39.2,47.1,3,4
30,0,1998,0,0,52.0,53.5,4,4
31,0,1998,0,0,33.8,44.4,2,3
32,0,1998,0,0,48.3,51.65,4,4
33,0,1998,0,0,42.6,48.8,3,4
34,0,1998,0,0,44.3,49.65,3,4
35,0,1998,0,0,51.4,53.2,4,4
36,0,1998,0,0,55.0,55.0,4,4
37,0,1998,0,0,55.0,55.0,4,4
38,0,1998,0,0,55.0,55.0,4,4
39,0,1998,0,0,55.0,55.0,4,4
40,0,1998,0,0,55.0,55.0,4,4
41,0,1998,0,0,55.0,55.0,4,4
42,0,1998,0,0,55.0,55.0,4,4
43,0,1998,0,0,55.0,55.0,4,4
44,0,1998,0,0,55.0,55.0,4,4
45,0,1998,0,0,55.0,55.0,4,4
46,0,1998,0,0,55.0,55.0,4,4
47,0,1998,0,0,55.0,55.0,4,4
48,0,1998,0,0,55.0,55.0,4,4
49,0,1998,0,0,55.0,55.0,4,4
50,0,1998,0,0,55.0,55.0,4,4
51,0,1998,0,0,55.0,55.0,4,4
52,0,1998,0,0,55.0,55.0,4,4
53,0,1998,0,0,55.0,55.0,4,4
0,0,1999,0,1,23.7,18.2,1,1
1,0,1999,0,0,30.6,22.25,2,1
2,0,1999,0,0,9.7,12.05,0,0
3,0,1999,0,1,17.0,11.65,1,0
4,0,1999,0,1,5.8,8.45,0,0
5,0,1999,0,1,23.0,20.1,1,1
6,0,1999,0,0,30.3,26.15,2,2
7,0,1999,0,0,39.8,24.8,3,1
8,0,1999,0,1,12.6,33.8,0,2
9,0,1999,0,0,55.0,55.0,4,4
10,0,1999,0,1,11.8,11.8,0,0
11,0,1999,0,0,14.7,14.65,1,0
12,0,1999,0,0,11.9,11.85,0,0
13,1,1999,0,1,9.0,7.9,0,0
14,0,1999,0,0,22.8,15.75,1,1
15,0,1999,0,1,20.5,17.7,1,1
16,0,1999,0,0,18.5,17.4,1,1
17,0,1999,0,1,6.5,5.85,0,0
18,0,1999,0,0,42.6,30.45,3,2
19,0,1999,0,0,18.2,15.85,1,1
20,0,1999,0,0,17.3,21.3,1,1
21,0,1999,0,0,25.7,17.45,2,1
22,0,1999,0,0,55.0,53.15,4,4
23,0,1999,0,0,12.0,16.35,0,1
24,0,1999,0,0,15.6,27.8,1,2
25,0,1999,0,0,31.8,43.4,2,3
26,0,1999,0,1,23.2,39.1,1,3
27,0,1999,0,0,30.9,42.95,2,3
28,0,1999,0,0,33.1,44.05,2,3
29,0,1999,0,0,39.2,47.1,3,4
30,0,1999,0,0,48.5,51.75,4,4
31,0,1999,0,0,30.1,42.55,2,3
32,0,1999,0,0,48.3,51.65,4,4
33,0,1999,0,0,42.6,48.8,3,4
34,0,1999,0,0,44.3,49.65,3,4
35,0,1999,0,0,51.4,53.2,4,4
36,0,1999,0,0,55.0,55.0,4,4
37,0,1999,0,0,55.0,55.0,4,4
38,0,1999,0,0,55.0,55.0,4,4
39,0,1999,0,0,55.0,55.0,4,4
40,0,1999,0,0,55.0,55.0,4,4
41,0,1999,0,0,55.0,55.0,4,4
42,0,1999,0,0,55.0,55.0,4,4
43,0,1999,0,0,55.0,55.0,4,4
44,0,1999,0,0,55.0,55.0,4,4
45,0,1999,0,0,55.0,55.0,4,4
46,0,1999,0,0,55.0,55.0,4,4
47,0,1999,0,0,55.0,55.0,4,4
48,0,1999,0,0,55.0,55.0,4,4
49,0,1999,0,0,55.0,55.0,4,4
50,0,1999,0,0,55.0,55.0,4,4
51,0,1999,0,0,55.0,55.0,4,4
52,0,1999,0,0,55.0,55.0,4,4
53,0,1999,0,0,55.0,55.0,4,4
0,0,2000,0,0,24.9,18.55,2,1
1,0,2000,0,0,30.4,22.25,2,1
2,0,2000,0,0,11.7,12.65,0,0
3,0,2000,0,1,16.6,11.8,1,0
4,0,2000,0,0,6.2,8.7,0,0
5,0,2000,0,1,23.4,18.45,1,1
6,0,2000,0,0,35.7,28.6,3,2
7,0,2000,0,0,44.0,27.1,3,2
8,0,2000,0,0,7.9,31.45,0,2
9,0,2000,0,0,55.0,55.0,4,4
10,0,2000,0,0,10.7,11.55,0,0
11,0,2000,0,0,18.2,17.05,1,1
12,0,2000,0,0,13.2,12.15,0,0
13,0,2000,0,1,8.1,7.75,0,0
14,0,2000,0,0,23.7,16.55,1,1
15,0,2000,0,1,20.3,18.1,1,1
16,0,2000,0,0,17.8,17.15,1,1
17,0,2000,0,0,7.5,6.5,0,0
18,0,2000,0,0,47.4,30.45,4,2
19,0,2000,0,1,18.6,16.15,1,1
20,0,2000,0,0,20.9,23.4,1,1
21,1,2000,0,1,25.0,16.8,2,1
22,0,2000,0,0,55.0,55.0,4,4
23,0,2000,0,0,12.7,14.65,0,0
24,0,2000,0,1,16.4,25.65,1,2
25,0,2000,0,1,31.8,43.4,2,3
26,0,2000,0,1,18.6,36.8,1,3
27,0,2000,0,0,30.9,42.95,2,3
28,0,2000,0,1,28.0,41.5,2,3
29,0,2000,0,0,39.2,47.1,3,4
30,0,2000,0,0,48.5,51.75,4,4
31,0,2000,0,0,30.1,42.55,2,3
32,0,2000,0,0,44.5,49.75,3,4
33,0,2000,0,0,37.3,46.15,3,4
34,0,2000,0,0,44.3,49.65,3,4
35,0,2000,0,0,47.4,51.2,4,4
36,0,2000,0,0,49.8,52.4,4,4
37,0,2000,0,0,55.0,55.0,4,4
38,0,2000,0,0,55.0,55.0,4,4
39,0,2000,0,0,55.0,55.0,4,4
40,0,2000,0,0,55.0,55.0,4,4
41,0,2000,0,0,55.0,55.0,4,4
42,0,2000,0,0,55.0,55.0,4,4
43,0,2000,0,0,55.0,55.0,4,4
44,0,2000,0,0,55.0,55.0,4,4
45,0,2000,0,0,55.0,55.0,4,4
46,0,2000,0,0,55.0,55.0,4,4
47,0,2000,0,0,55.0,55.0,4,4
48,0,2000,0,0,55.0,55.0,4,4
49,0,2000,0,0,55.0,55.0,4,4
50,0,2000,0,0,55.0,55.0,4,4
51,0,2000,0,0,55.0,55.0,4,4
52,0,2000,0,0,55.0,55.0,4,4
53,0,2000,0,0,55.0,55.0,4,4
0,0,2001,0,0,28.8,20.65,2,1
1,0,2001,0,0,33.9,24.2,2,1
2,0,2001,0,0,11.9,12.7,0,0
3,0,2001,0,1,15.6,12.1,1,0
4,0,2001,0,1,7.3,9.5,0,0
5,0,2001,0,0,24.7,18.9,1,1
6,0,2001,0,0,40.5,28.6,3,2
7,0,2001,0,0,48.1,29.3,4,2
8,0,2001,0,1,8.2,29.15,0,2
9,0,2001,0,0,55.0,55.0,4,4
10,0,2001,0,0,11.2,11.65,0,0
11,0,2001,0,0,19.1,17.0,1,1
12,0,2001,0,0,13.4,11.75,0,0
13,0,2001,0,1,8.5,7.5,0,0
14,0,2001,0,0,28.7,19.1,2,1
15,0,2001,0,0,16.7,18.6,1,1
16,0,2001,0,1,17.7,16.75,1,1
17,0,2001,0,0,7.9,7.2,0,0
18,0,2001,0,0,50.8,32.45,4,2
19,0,2001,0,0,21.9,18.05,1,1
20,0,2001,0,0,19.9,23.15,1,1
21,0,2001,0,1,23.3,16.3,1,1
22,0,2001,0,0,55.0,55.0,4,4
23,0,2001,0,0,17.3,17.1,1,1
24,0,2001,0,0,17.2,24.05,1,1
25,0,2001,0,0,27.7,41.35,2,3
26,0,2001,0,1,14.1,34.55,0,2
27,0,2001,0,0,26.1,40.55,2,3
28,1,2001,0,1,22.6,38.8,1,3
29,0,2001,0,0,39.2,47.1,3,4
30,0,2001,0,0,44.3,49.65,3,4
31,0,2001,0,0,26.6,40.8,2,3
32,0,2001,0,0,44.5,49.75,3,4
33,0,2001,0,1,33.0,44.0,2,3
34,0,2001,0,0,44.3,49.65,3,4
35,0,2001,0,0,47.4,51.2,4,4
36,0,2001,0,1,46.1,50.55,4,4
37,0,2001,0,0,55.0,55.0,4,4
38,0,2001,0,0,55.0,55.0,4,4
39,0,2001,0,0,55.0,55.0,4,4
40,0,2001,0,0,55.0,55.0,4,4
41,0,2001,0,0,55.0,55.0,4,4
42,0,2001,0,0,55.0,55.0,4,4
43,0,2001,0,0,55.0,55.0,4,4
44,0,2001,0,0,55.0,55.0,4,4
45,0,2001,0,0,55.0,55.0,4,4
46,0,2001,0,0,55.0,55.0,4,4
47,0,2001,0,0,55.0,55.0,4,4
48,0,2001,0,0,55.0,55.0,4,4
49,0,2001,0,0,55.0,55.0,4,4
50,0,2001,0,0,55.0,55.0,4,4
51,0,2001,0,0,55.0,55.0,4,4
52,0,2001,0,0,55.0,55.0,4,4
53,0,2001,0,0,55.0,55.0,4,4
0,0,2002,0,0,28.1,21.1,2,1
1,0,2002,0,0,33.6,24.3,2,1
2,0,2002,0,1,11.6,10.2,0,0
3,0,2002,0,1,16.1,13.1,1,0
4,0,2002,0,0,12.7,11.7,0,0
5,0,2002,0,0,25.3,19.4,2,1
6,0,2002,0,0,45.6,28.6,4,2
7,0,2002,0,0,51.5,31.75,4,2
8,0,2002,0,1,8.1,26.5,0,2
9,0,2002,0,0,55.0,55.0,4,4
10,0,2002,0,0,14.9,13.8,1,0
11,0,2002,0,0,22.9,19.1,1,1
12,0,2002,0,1,12.7,11.6,0,0
13,0,2002,0,1,7.1,7.5,0,0
14,0,2002,0,0,29.4,20.05,2,1
15,0,2002,0,0,21.3,20.55,1,1
16,0,2002,0,0,17.4,16.8,1,1
17,0,2002,0,0,8.0,7.0,0,0
18,0,2002,0,0,55.0,34.5,4,2
19,0,2002,0,0,22.7,18.5,1,1
20,0,2002,0,1,21.1,21.25,1,1
21,0,2002,0,1,24.5,16.65,1,1
22,0,2002,0,0,55.0,55.0,4,4
23,0,2002,0,0,16.8,17.15,1,1
24,0,2002,0,0,22.0,24.05,1,1
25,0,2002,0,0,23.7,39.35,1,3
26,0,2002,0,1,9.7,32.35,0,2
27,0,2002,0,1,22.0,38.5,1,3
28,0,2002,0,1,17.5,36.25,1,3
29,0,2002,0,0,39.2,47.1,3,4
30,0,2002,0,0,41.1,48.05,3,4
31,0,2002,0,0,26.6,40.8,2,3
32,0,2002,0,0,39.9,47.45,3,4
33,0,2002,0,0,28.5,41.75,2,3
34,0,2002,0,0,44.3,49.65,3,4
35,0,2002,0,0,43.8,49.4,3,4
36,1,2002,0,0,40.7,47.85,3,4
37,0,2002,0,0,55.0,55.0,4,4
38,0,2002,0,0,55.0,55.0,4,4
39,0,2002,0,0,55.0,55.0,4,4
40,0,2002,0,0,55.0,55.0,4,4
41,0,2002,0,0,55.0,55.0,4,4
42,0,2002,0,0,55.0,55.0,4,4
43,0,2002,0,0,55.0,55.0,4,4
44,0,2002,0,0,55.0,55.0,4,4
45,0,2002,0,0,55.0,55.0,4,4
46,0,2002,0,0,55.0,55.0,4,4
47,0,2002,0,0,55.0,55.0,4,4
48,0,2002,0,0,55.0,55.0,4,4
49,0,2002,0,0,55.0,55.0,4,4
50,0,2002,0,0,55.0,55.0,4,4
51,0,2002,0,0,55.0,55.0,4,4
52,0,2002,0,0,55.0,55.0,4,4
53,0,2002,0,0,55.0,55.0,4,4
0,0,2003,0,0,25.8,20.3,2,1
1,0,2003,0,0,37.4,26.5,3,2
2,0,2003,0,1,13.0,10.7,0,0
3,0,2003,0,0,15.5,13.45,1,0
4,0,2003,0,0,13.7,9.5,0,0
5,0,2003,0,0,24.8,20.25,2,1
6,0,2003,0,0,49.9,30.75,4,2
7,0,2003,0,0,55.0,34.45,4,2
8,0,2003,0,1,9.8,25.0,0,1
9,0,2003,0,0,55.0,55.0,4,4
10,0,2003,0,0,14.8,13.55,1,0
11,0,2003,0,0,24.1,19.55,1,1
12,0,2003,0,1,12.5,11.1,0,0
13,0,2003,0,1,6.9,7.6,0,0
14,0,2003,0,0,34.6,22.05,2,1
15,0,2003,0,0,22.0,20.85,1,1
16,1,2003,0,0,15.4,15.85,1,1
17,0,2003,0,1,10.4,8.0,0,0
18,0,2003,0,0,55.0,37.05,4,3
19,0,2003,0,0,21.9,18.3,1,1
20,0,2003,0,0,21.9,21.4,1,1
21,0,2003,0,0,27.7,18.55,2,1
22,0,2003,0,0,55.0,55.0,4,4
23,0,2003,0,1,16.9,17.35,1,1
24,0,2003,0,0,21.5,21.7,1,1
25,0,2003,0,0,23.7,37.4,1,3
26,0,2003,0,0,9.7,30.35,0,2
27,0,2003,0,0,22.1,36.9,1,3
28,0,2003,0,1,14.1,34.55,0,2
29,0,2003,0,0,39.2,47.1,3,4
30,0,2003,0,0,38.0,46.5,3,4
31,0,2003,0,0,21.8,38.4,1,3
32,0,2003,0,1,35.4,45.2,3,4
33,0,2003,0,1,23.3,39.15,1,3
34,0,2003,0,0,44.3,49.65,3,4
35,0,2003,0,0,43.8,49.4,3,4
36,0,2003,0,1,40.7,47.85,3,4
37,0,2003,0,0,50.9,52.95,4,4
38,0,2003,0,0,55.0,55.0,4,4
39,0,2003,0,0,55.0,55.0,4,4
40,0,2003,0,0,55.0,55.0,4,4
41,0,2003,0,0,55.0,55.0,4,4
42,0,2003,0,0,55.0,55.0,4,4
43,0,2003,0,0,55.0,55.0,4,4
44,0,2003,0,0,55.0,55.0,4,4
45,0,2003,0,0,55.0,55.0,4,4
46,0,2003,0,0,55.0,55.0,4,4
47,0,2003,0,0,55.0,55.0,4,4
48,0,2003,0,0,55.0,55.0,4,4
49,0,2003,0,0,55.0,55.0,4,4
50,0,2003,0,0,55.0,55.0,4,4
51,0,2003,0,0,55.0,55.0,4,4
52,0,2003,0,0,55.0,55.0,4,4
53,0,2003,0,0,55.0,55.0,4,4
0,0,2004,0,1,22.6,21.15,1,1
1,0,2004,0,0,40.7,28.8,3,2
2,0,2004,0,0,13.8,11.05,0,0
3,0,2004,0,0,16.0,13.2,1,0
4,0,2004,0,0,15.8,10.5,1,0
5,0,2004,0,0,24.8,20.25,2,1
6,0,2004,0,0,49.9,33.25,4,2
7,0,2004,0,0,55.0,36.7,4,3
8,0,2004,1,0,10.5,22.85,0,1
9,0,2004,0,0,55.0,55.0,4,4
10,0,2004,0,1,16.6,13.9,1,0
11,0,2004,0,0,28.8,21.75,2,1
12,0,2004,0,1,11.7,11.45,0,0
13,0,2004,0,1,6.2,7.85,0,0
14,0,2004,0,0,38.1,24.0,3,1
15,0,2004,1,0,21.7,21.15,1,1
16,0,2004,0,1,10.3,15.45,0,1
17,0,2004,0,0,11.0,8.45,0,0
18,0,2004,0,0,55.0,38.9,4,3
19,0,2004,0,1,22.3,18.4,1,1
20,0,2004,1,0,20.8,18.8,1,1
21,0,2004,0,0,27.7,21.1,2,1
22,0,2004,0,0,55.0,55.0,4,4
23,0,2004,1,0,16.3,16.85,1,1
24,0,2004,0,1,22.2,19.9,1,1
25,0,2004,1,0,23.1,35.1,1,2
26,0,2004,1,0,9.4,28.25,0,2
27,0,2004,0,0,22.1,36.9,1,3
28,0,2004,0,0,17.2,34.55,1,2
29,0,2004,0,0,44.3,47.1,3,4
30,0,2004,0,0,41.0,46.5,3,4
31,0,2004,0,1,23.3,36.5,1,3
32,0,2004,0,1,35.1,43.35,3,3
33,0,2004,0,1,23.5,36.95,1,3
34,0,2004,0,0,47.9,49.65,4,4
35,0,2004,1,0,39.7,47.35,3,4
36,0,2004,0,0,40.7,47.85,3,4
37,1,2004,1,0,45.5,50.25,4,4
38,0,2004,1,0,50.2,52.6,4,4
39,0,2004,0,0,55.0,55.0,4,4
40,0,2004,0,0,55.0,55.0,4,4
41,0,2004,1,0,49.7,52.35,4,4
42,0,2004,0,0,55.0,55.0,4,4
43,0,2004,0,0,55.0,55.0,4,4
44,0,2004,0,0,55.0,55.0,4,4
45,0,2004,0,0,55.0,55.0,4,4
46,0,2004,0,0,55.0,55.0,4,4
47,0,2004,0,0,55.0,55.0,4,4
48,0,2004,0,0,55.0,55.0,4,4
49,0,2004,0,0,55.0,55.0,4,4
50,0,2004,0,0,55.0,55.0,4,4
51,0,2004,0,0,55.0,55.0,4,4
52,0,2004,0,0,55.0,55.0,4,4
53,0,2004,0,0,55.0,55.0,4,4
0,0,2005,0,0,26.1,22.95,2,1
1,0,2005,0,0,40.7,31.1,3,2
2,0,2005,0,0,15.7,11.7,1,0
3,0,2005,0,1,16.1,14.3,1,0
4,0,2005,0,0,19.9,12.95,1,0
5,0,2005,1,0,24.4,20.2,1,1
6,0,2005,0,0,49.9,35.65,4,3
7,0,2005,0,0,55.0,38.8,4,3
8,0,2005,0,0,9.6,20.2,0,1
9,0,2005,0,0,55.0,55.0,4,4
10,0,2005,1,0,17.5,14.35,1,0
11,0,2005,0,0,32.2,23.6,2,1
12,0,2005,0,1,13.6,11.8,0,0
13,0,2005,0,1,7.8,8.65,0,0
14,0,2005,1,0,33.4,23.8,2,1
15,0,2005,0,0,21.7,21.15,1,1
16,0,2005,0,1,10.0,15.35,0,1
17,0,2005,0,0,12.2,9.35,0,0
18,0,2005,0,0,55.0,38.9,4,3
19,0,2005,0,0,26.5,20.75,2,1
20,1,2005,0,1,19.7,18.05,1,1
21,0,2005,1,0,28.1,21.0,2,1
22,0,2005,0,0,55.0,55.0,4,4
23,0,2005,0,1,17.2,16.9,1,1
24,0,2005,0,0,26.2,19.9,2,1
25,0,2005,0,1,22.6,33.05,1,2
26,0,2005,1,0,9.9,26.05,0,2
27,0,2005,0,0,26.9,36.9,2,3
28,0,2005,0,0,17.2,34.55,1,2
29,0,2005,1,0,43.3,44.95,3,3
30,0,2005,0,0,41.0,46.5,3,4
31,0,2005,0,0,27.0,36.5,2,3
32,0,2005,1,0,29.9,40.75,2,3
33,0,2005,0,0,23.3,34.95,1,2
34,0,2005,0,0,47.9,49.65,4,4
35,0,2005,1,0,35.9,45.45,3,4
36,0,2005,1,0,35.7,45.35,3,4
37,0,2005,0,1,42.0,48.5,3,4
38,0,2005,0,1,46.3,50.65,4,4
39,0,2005,0,0,55.0,55.0,4,4
40,0,2005,0,0,55.0,55.0,4,4
41,0,2005,0,1,44.9,49.95,3,4
42,0,2005,0,0,55.0,55.0,4,4
43,0,2005,1,0,50.1,52.55,4,4
44,0,2005,0,0,55.0,55.0,4,4
45,0,2005,0,0,55.0,55.0,4,4
46,0,2005,0,0,55.0,55.0,4,4
47,0,2005,0,0,55.0,55.0,4,4
48,0,2005,0,0,55.0,55.0,4,4
49,0,2005,0,0,55.0,55.0,4,4
50,0,2005,0,0,55.0,55.0,4,4
51,0,2005,0,0,55.0,55.0,4,4
52,0,2005,0,0,55.0,55.0,4,4
53,0,2005,0,0,55.0,55.0,4,4
0,0,2006,0,0,30.0,25.65,2,2
1,1,2006,1,0,38.5,30.4,3,2
2,0,2006,0,0,16.0,11.95,1,0
3,0,2006,0,0,12.0,14.6,0,0
4,0,2006,1,0,20.8,13.25,1,0
5,0,2006,0,1,21.2,20.4,1,1
6,0,2006,0,0,49.9,35.65,4,3
7,0,2006,0,0,55.0,41.4,4,3
8,0,2006,0,1,10.9,18.65,0,1
9,0,2006,0,0,55.0,55.0,4,4
10,0,2006,0,1,18.8,14.5,1,0
11,0,2006,0,0,37.1,25.65,3,2
12,0,2006,0,0,13.7,12.35,0,0
13,0,2006,1,0,8.0,8.65,0,0
14,0,2006,0,1,33.4,24.55,2,1
15,0,2006,0,0,26.5,23.25,2,1
16,0,2006,1,0,9.9,15.45,0,1
17,0,2006,0,0,13.3,9.95,0,0
18,0,2006,0,0,55.0,41.1,4,3
19,0,2006,0,0,31.0,22.6,2,1
20,0,2006,0,1,19.2,15.75,1,1
21,0,2006,0,1,24.4,21.6,1,1
22,0,2006,0,0,55.0,55.0,4,4
23,0,2006,0,0,21.8,18.65,1,1
24,0,2006,0,0,30.4,21.85,2,1
25,0,2006,1,0,20.7,30.45,1,2
26,0,2006,0,0,10.8,23.95,0,1
27,0,2006,0,0,30.3,36.9,2,3
28,0,2006,0,0,22.2,34.55,1,2
29,0,2006,0,0,43.3,44.95,3,3
30,0,2006,1,0,36.1,44.05,3,3
31,0,2006,0,0,31.0,36.5,2,3
32,0,2006,0,1,24.8,38.2,2,3
33,0,2006,1,0,18.0,32.3,1,2
34,0,2006,0,0,51.6,49.65,4,4
35,0,2006,1,0,31.6,43.3,2,3
36,0,2006,0,1,31.8,43.4,2,3
37,0,2006,1,0,37.2,46.1,3,4
38,0,2006,0,0,46.3,50.65,4,4
39,0,2006,0,0,55.0,55.0,4,4
40,0,2006,0,0,55.0,55.0,4,4
41,0,2006,0,1,44.9,49.95,3,4
42,0,2006,0,0,55.0,55.0,4,4
43,0,2006,0,1,46.6,50.8,4,4
44,0,2006,1,0,50.3,52.65,4,4
45,0,2006,0,0,55.0,55.0,4,4
46,0,2006,0,0,55.0,55.0,4,4
47,0,2006,0,0,55.0,55.0,4,4
48,0,2006,0,0,55.0,55.0,4,4
49,0,2006,0,0,55.0,55.0,4,4
50,0,2006,0,0,55.0,55.0,4,4
51,0,2006,0,0,55.0,55.0,4,4
52,0,2006,0,0,55.0,55.0,4,4
53,0,2006,0,0,55.0,55.0,4,4
0,0,2007,0,0,30.0,27.85,2,2
1,0,2007,0,1,34.7,30.5,2,2
2,0,2007,0,0,17.5,12.35,1,0
3,0,2007,0,0,12.1,15.45,0,1
4,0,2007,0,1,23.0,14.4,1,0
5,0,2007,0,0,21.2,22.75,1,1
6,0,2007,0,0,55.0,38.25,4,3
7,0,2007,0,0,55.0,43.1,4,3
8,0,2007,0,0,15.5,18.65,1,1
9,0,2007,0,0,55.0,55.0,4,4
10,0,2007,0,0,21.8,16.8,1,1
11,0,2007,0,0,40.2,27.5,3,2
12,0,2007,0,0,15.1,12.4,1,0
13,0,2007,0,1,8.4,8.95,0,0
14,0,2007,0,0,36.7,26.45,3,2
15,0,2007,0,0,29.7,25.7,2,2
16,0,2007,1,0,10.0,14.55,0,0
17,0,2007,0,0,15.5,10.45,1,0
18,0,2007,0,0,55.0,43.65,4,3
19,0,2007,0,0,34.4,24.35,2,1
20,0,2007,0,1,18.7,15.6,1,1
21,0,2007,0,0,28.3,24.1,2,1
22,0,2007,0,0,55.0,55.0,4,4
23,0,2007,0,0,26.8,21.05,2,1
24,0,2007,0,0,33.9,23.8,2,1
25,0,2007,0,1,19.9,28.25,1,2
26,0,2007,0,0,14.6,23.95,0,1
27,0,2007,1,0,30.8,34.9,2,2
28,0,2007,0,0,26.9,34.55,2,2
29,0,2007,1,0,42.9,42.65,3,3
30,0,2007,0,1,32.7,42.35,2,3
31,0,2007,0,0,35.4,36.5,3,3
32,0,2007,0,1,20.6,36.1,1,3
33,0,2007,0,1,16.8,29.7,1,2
34,0,2007,0,0,51.6,49.65,4,4
35,0,2007,1,0,27.5,41.25,2,3
36,0,2007,1,0,27.9,41.45,2,3
37,0,2007,0,1,31.9,43.45,2,3
38,0,2007,0,0,46.3,50.65,4,4
39,0,2007,0,0,55.0,55.0,4,4
40,0,2007,1,0,50.1,52.55,4,4
41,0,2007,0,0,44.9,49.95,3,4
42,0,2007,1,0,50.0,52.5,4,4
43,0,2007,1,0,42.1,48.55,3,4
44,0,2007,0,1,45.6,50.3,4,4
45,0,2007,0,0,55.0,55.0,4,4
46,0,2007,1,0,50.7,52.85,4,4
47,0,2007,0,0,55.0,55.0,4,4
48,1,2007,1,0,49.6,52.3,4,4
49,0,2007,0,0,55.0,55.0,4,4
50,0,2007,0,0,55.0,55.0,4,4
51,0,2007,0,0,55.0,55.0,4,4
52,0,2007,0,0,55.0,55.0,4,4
53,0,2007,0,0,55.0,55.0,4,4
0,0,2008,0,0,34.9,29.65,3,2
1,0,2008,1,0,35.4,30.6,3,2
2,0,2008,0,0,16.9,12.75,1,0
3,0,2008,0,0,13.8,15.95,0,1
4,0,2008,0,0,27.6,16.75,2,1
5,0,2008,1,0,22.0,22.85,1,1
6,0,2008,0,0,55.0,40.35,4,3
7,0,2008,0,0,55.0,45.65,4,4
8,0,2008,0,0,20.7,18.65,1,1
9,0,2008,0,0,55.0,55.0,4,4
10,0,2008,1,0,21.5,16.8,1,1
11,0,2008,1,0,40.3,27.25,3,2
12,0,2008,0,0,15.1,12.65,1,0
13,0,2008,1,0,9.3,9.3,0,0
14,0,2008,0,0,39.7,29.15,3,2
15,0,2008,0,0,34.8,28.0,2,2
16,0,2008,1,1,9.3,14.15,0,0
17,0,2008,0,0,17.8,11.6,1,0
18,0,2008,0,0,55.0,46.1,4,4
19,0,2008,0,0,34.4,26.05,2,2
20,0,2008,1,1,17.0,14.9,1,0
21,0,2008,1,0,24.3,24.7,1,1
22,0,2008,0,0,55.0,55.0,4,4
23,0,2008,0,0,31.2,21.05,2,1
24,0,2008,1,0,29.8,23.7,2,1
25,0,2008,1,0,15.4,26.0,1,2
26,0,2008,1,0,16.2,22.25,1,1
27,0,2008,0,0,34.5,34.9,2,2
28,0,2008,0,0,31.1,34.55,2,2
29,0,2008,0,1,46.1,42.65,4,3
30,0,2008,0,0,32.7,42.35,2,3
31,0,2008,1,0,36.0,34.9,3,2
32,0,2008,1,0,20.4,34.35,1,2
33,1,2008,1,1,11.4,27.0,0,2
34,0,2008,0,0,55.0,49.65,4,4
35,0,2008,0,0,31.1,41.25,2,3
36,0,2008,1,0,23.6,39.3,1,3
37,0,2008,1,1,26.6,40.8,2,3
38,0,2008,1,0,42.5,48.75,3,4
39,0,2008,0,0,55.0,55.0,4,4
40,0,2008,0,1,50.1,52.55,4,4
41,0,2008,0,0,44.9,49.95,3,4
42,0,2008,0,1,50.0,52.5,4,4
43,0,2008,0,1,42.1,48.55,3,4
44,0,2008,1,1,40.5,47.75,3,4
45,0,2008,0,0,55.0,55.0,4,4
46,0,2008,1,0,46.3,50.65,4,4
47,0,2008,0,0,55.0,55.0,4,4
48,0,2008,0,1,44.7,49.85,3,4
49,0,2008,1,0,50.3,52.65,4,4
50,0,2008,0,0,55.0,55.0,4,4
51,0,2008,0,0,55.0,55.0,4,4
52,0,2008,0,0,55.0,55.0,4,4
53,0,2008,0,0,55.0,55.0,4,4
0,0,2009,0,0,39.2,31.45,3,2
1,0,2009,1,0,32.4,31.5,2,2
2,0,2009,0,0,15.8,12.75,1,0
3,0,2009,0,0,15.5,16.25,1,1
4,0,2009,0,0,31.4,18.6,2,1
5,0,2009,1,1,23.1,23.05,1,1
6,0,2009,0,0,55.0,42.65,4,3
7,0,2009,0,0,55.0,47.4,4,4
8,0,2009,1,0,21.4,17.0,1,1
9,0,2009,0,0,55.0,55.0,4,4
10,1,2009,1,1,20.2,16.0,1,1
11,0,2009,1,0,39.7,27.2,3,2
12,0,2009,0,0,15.2,13.55,1,0
13,0,2009,1,0,11.3,10.15,0,0
14,0,2009,0,0,39.7,31.25,3,2
15,0,2009,0,0,39.5,30.0,3,2
16,0,2009,1,1,8.1,13.3,0,0
17,0,2009,0,0,17.0,11.75,1,0
18,0,2009,0,0,55.0,48.8,4,4
19,0,2009,0,0,38.9,28.55,3,2
20,0,2009,1,1,12.2,14.75,0,0
21,0,2009,1,0,24.7,25.2,1,2
22,0,2009,0,0,55.0,55.0,4,4
23,0,2009,0,0,34.5,23.25,2,1
24,0,2009,1,0,29.8,22.7,2,1
25,0,2009,1,1,15.6,23.7,1,1
26,0,2009,1,0,17.6,20.4,1,1
27,0,2009,0,0,38.9,34.9,3,2
28,0,2009,1,0,31.1,32.1,2,2
29,0,2009,0,0,46.1,42.65,4,3
30,0,2009,1,0,33.0,40.75,2,3
31,0,2009,0,0,39.7,34.9,3,2
32,0,2009,1,0,16.8,32.55,1,2
33,0,2009,0,1,7.0,24.8,0,1
34,0,2009,0,0,55.0,49.65,4,4
35,0,2009,0,0,31.1,41.25,2,3
36,0,2009,0,0,23.6,39.3,1,3
37,0,2009,1,1,22.3,38.65,1,3
38,0,2009,1,0,38.7,46.85,3,4
39,0,2009,0,0,55.0,55.0,4,4
40,0,2009,0,0,50.1,52.55,4,4
41,0,2009,0,0,44.9,49.95,3,4
42,0,2009,0,0,50.0,52.5,4,4
43,0,2009,1,0,38.0,46.5,3,4
44,0,2009,1,1,36.0,45.5,3,4
45,0,2009,0,0,55.0,55.0,4,4
46,0,2009,0,0,46.3,50.65,4,4
47,0,2009,0,0,55.0,55.0,4,4
48,0,2009,0,1,44.7,49.85,3,4
49,0,2009,1,1,45.1,50.05,4,4
50,0,2009,0,0,55.0,55.0,4,4
51,0,2009,0,0,55.0,55.0,4,4
52,0,2009,0,0,55.0,55.0,4,4
53,0,2009,0,0,55.0,55.0,4,4
0,0,2010,1,0,37.4,31.15,3,2
1,0,2010,0,0,36.0,33.2,3,2
2,0,2010,0,1,14.7,13.2,1,0
3,1,2010,0,0,15.1,15.85,1,1
4,0,2010,1,0,33.1,19.65,2,1
5,0,2010,1,0,22.3,22.85,1,1
6,0,2010,0,0,55.0,45.35,4,4
7,0,2010,0,0,55.0,49.5,4,4
8,0,2010,0,0,26.1,17.0,2,1
9,0,2010,0,0,55.0,55.0,4,4
10,0,2010,0,1,21.1,15.9,1,1
11,0,2010,1,0,36.0,27.1,3,2
12,0,2010,0,0,14.9,14.05,1,0
13,0,2010,0,0,16.1,12.1,1,0
14,0,2010,0,0,43.2,33.45,3,2
15,0,2010,0,0,43.7,32.0,3,2
16,0,2010,1,1,7.3,12.55,0,0
17,0,2010,0,1,17.9,12.7,1,0
18,0,2010,0,0,55.0,51.2,4,4
19,0,2010,0,0,43.0,30.8,3,2
20,0,2010,1,1,7.5,14.2,0,0
21,0,2010,1,0,25.0,25.0,2,1
22,0,2010,0,0,55.0,55.0,4,4
23,0,2010,1,0,34.6,23.65,2,1
24,0,2010,1,1,30.5,23.45,2,1
25,0,2010,1,1,11.8,21.8,0,1
26,0,2010,0,0,22.2,20.4,1,1
27,0,2010,0,0,38.9,34.9,3,2
28,0,2010,0,1,36.2,32.1,3,2
29,0,2010,0,0,46.1,42.65,4,3
30,0,2010,0,0,33.0,40.75,2,3
31,0,2010,0,0,39.7,34.9,3,2
32,0,2010,1,0,15.4,29.95,1,2
33,0,2010,1,0,7.9,22.6,0,1
34,0,2010,0,0,55.0,49.65,4,4
35,0,2010,0,0,35.1,41.25,3,3
36,0,2010,0,0,28.8,39.3,2,3
37,0,2010,1,0,17.8,36.4,1,3
38,0,2010,1,0,34.8,44.9,2,3
39,0,2010,0,0,55.0,55.0,4,4
40,0,2010,1,0,47.0,51.0,4,4
41,0,2010,0,0,44.9,49.95,3,4
42,0,2010,0,0,50.0,52.5,4,4
43,0,2010,1,0,34.6,44.8,2,3
44,0,2010,1,1,31.2,43.1,2,3
45,0,2010,0,0,55.0,55.0,4,4
46,0,2010,1,0,41.7,48.35,3,4
47,0,2010,0,0,55.0,55.0,4,4
48,0,2010,1,0,40.5,47.75,3,4
49,0,2010,1,1,40.1,47.55,3,4
50,0,2010,0,0,55.0,55.0,4,4
51,0,2010,0,0,55.0,55.0,4,4
52,0,2010,0,0,55.0,55.0,4,4
53,0,2010,0,0,55.0,55.0,4,4
0,0,2011,0,1,37.4,33.1,3,2
1,0,2011,1,0,32.6,33.25,2,2
2,0,2011,0,0,15.8,13.85,1,0
3,0,2011,0,1,15.3,15.45,1,1
4,0,2011,1,0,31.8,19.55,2,1
5,0,2011,0,0,26.2,25.45,2,2
6,0,2011,0,0,49.7,45.1,4,4
7,0,2011,0,0,55.0,51.55,4,4
8,0,2011,0,0,30.7,19.45,2,1
9,0,2011,0,0,55.0,55.0,4,4
10,0,2011,0,0,24.4,17.8,1,1
11,0,2011,0,0,39.8,29.45,3,2
12,0,2011,0,0,16.6,15.0,1,0
13,0,2011,1,0,15.9,12.2,1,0
14,0,2011,1,0,40.2,34.45,3,2
15,0,2011,0,0,47.3,32.0,4,2
16,0,2011,0,1,11.7,14.7,0,0
17,0,2011,0,0,17.5,12.7,1,0
18,0,2011,0,0,55.0,52.9,4,4
19,0,2011,1,0,39.3,30.6,3,2
20,0,2011,1,1,7.9,13.9,0,0
21,0,2011,1,1,25.3,24.3,2,1
22,0,2011,0,0,55.0,55.0,4,4
23,0,2011,0,0,34.6,25.95,2,2
24,0,2011,1,0,30.2,23.7,2,1
25,0,2011,1,0,11.0,19.35,0,1
26,0,2011,0,0,26.7,20.4,2,1
27,0,2011,1,0,39.5,32.8,3,2
28,0,2011,1,0,38.5,30.55,3,2
29,0,2011,1,0,42.8,41.0,3,3
30,0,2011,1,0,33.6,38.95,2,3
31,0,2011,0,0,43.2,34.9,3,2
32,0,2011,1,1,11.5,28.0,0,2
33,0,2011,1,0,8.4,20.7,0,1
34,0,2011,0,0,55.0,49.65,4,4
35,0,2011,0,0,35.1,41.25,3,3
36,0,2011,0,0,32.5,39.3,2,3
37,0,2011,1,1,12.7,33.85,0,2
38,0,2011,0,0,34.8,44.9,2,3
39,0,2011,0,0,55.0,55.0,4,4
40,0,2011,0,0,47.0,51.0,4,4
41,0,2011,0,0,44.9,49.95,3,4
42,0,2011,0,0,50.0,52.5,4,4
43,0,2011,1,0,30.3,42.65,2,3
44,0,2011,0,1,31.2,43.1,2,3
45,0,2011,0,0,55.0,55.0,4,4
46,0,2011,1,1,37.1,46.05,3,4
47,0,2011,0,0,55.0,55.0,4,4
48,0,2011,1,0,36.4,45.7,3,4
49,1,2011,1,1,34.7,44.85,2,3
50,0,2011,0,0,55.0,55.0,4,4
51,0,2011,0,0,55.0,55.0,4,4
52,0,2011,0,0,55.0,55.0,4,4
53,0,2011,0,0,55.0,55.0,4,4
0,0,2012,0,0,41.6,34.85,3,2
1,0,2012,0,0,36.1,34.85,3,2
2,0,2012,0,0,17.5,14.55,1,0
3,0,2012,0,1,14.0,15.05,0,0
4,0,2012,1,1,28.3,20.5,2,1
5,0,2012,0,0,30.5,27.9,2,2
6,0,2012,0,1,45.1,45.35,4,4
7,0,2012,0,0,55.0,53.25,4,4
8,0,2012,1,0,32.6,20.35,2,1
9,0,2012,0,0,55.0,55.0,4,4
10,0,2012,1,0,21.5,18.2,1,1
11,0,2012,0,0,39.8,31.35,3,2
12,0,2012,0,0,16.9,14.8,1,0
13,1,2012,1,1,15.2,11.15,1,0
14,0,2012,0,0,43.5,36.45,3,3
15,0,2012,0,0,47.3,34.3,4,2
16,0,2012,1,0,10.8,14.1,0,0
17,0,2012,0,0,19.7,13.85,1,0
18,0,2012,0,0,55.0,55.0,4,4
19,0,2012,0,0,43.0,32.85,3,2
20,0,2012,1,1,7.9,14.5,0,0
21,0,2012,1,1,25.2,24.85,2,1
22,0,2012,0,0,55.0,55.0,4,4
23,0,2012,1,0,35.6,26.2,3,2
24,0,2012,1,0,26.6,24.3,2,1
25,0,2012,1,1,11.3,17.5,0,1
26,0,2012,0,0,31.1,20.4,2,1
27,0,2012,0,0,43.6,32.8,3,2
28,0,2012,1,0,38.7,28.1,3,2
29,0,2012,1,0,39.7,39.45,3,3
30,0,2012,1,0,32.7,36.9,2,3
31,0,2012,0,0,43.2,34.9,3,2
32,0,2012,1,0,11.8,25.85,0,2
33,0,2012,1,0,7.6,18.05,0,1
34,0,2012,0,0,55.0,49.65,4,4
35,0,2012,1,0,34.5,39.15,2,3
36,0,2012,0,0,37.9,39.3,3,3
37,0,2012,1,1,8.7,31.85,0,2
38,0,2012,1,0,29.8,42.4,2,3
39,0,2012,0,0,55.0,55.0,4,4
40,0,2012,0,0,47.0,51.0,4,4
41,0,2012,0,0,44.9,49.95,3,4
42,0,2012,0,0,50.0,52.5,4,4
43,0,2012,1,0,25.9,40.45,2,3
44,0,2012,0,0,31.2,43.1,2,3
45,0,2012,0,0,55.0,55.0,4,4
46,0,2012,0,1,37.1,46.05,3,4
47,0,2012,0,0,55.0,55.0,4,4
48,0,2012,1,0,31.2,43.1,2,3
49,0,2012,0,1,29.6,42.3,2,3
50,0,2012,0,0,55.0,55.0,4,4
51,0,2012,0,0,55.0,55.0,4,4
52,0,2012,0,0,55.0,55.0,4,4
53,0,2012,0,0,55.0,55.0,4,4
0,0,2013,1,0,42.6,34.2,3,2
1,0,2013,1,0,33.0,35.2,2,3
2,0,2013,0,0,18.0,15.5,1,1
3,0,2013,0,1,14.9,15.2,1,0
4,0,2013,1,0,29.8,21.75,2,1
5,0,2013,0,0,34.1,29.45,2,2
6,0,2013,0,1,40.3,45.1,3,4
7,0,2013,0,0,55.0,55.0,4,4
8,0,2013,1,0,30.9,20.35,2,1
9,0,2013,0,0,55.0,55.0,4,4
10,0,2013,1,0,21.5,18.15,1,1
11,0,2013,0,0,43.1,33.6,3,2
12,0,2013,0,1,18.5,15.5,1,1
13,0,2013,0,1,16.1,11.5,1,0
14,0,2013,0,0,43.5,39.05,3,3
15,0,2013,1,0,46.9,34.45,4,2
16,0,2013,0,1,16.2,15.8,1,1
17,0,2013,0,0,19.0,14.7,1,0
18,0,2013,0,0,55.0,55.0,4,4
19,0,2013,0,0,47.9,34.9,4,2
20,0,2013,1,0,6.8,14.35,0,0
21,1,2013,1,0,19.8,23.75,1,1
22,0,2013,0,0,55.0,55.0,4,4
23,0,2013,0,0,39.1,28.0,3,2
24,0,2013,1,0,27.5,24.5,2,1
25,0,2013,0,0,15.2,19.45,1,1
26,0,2013,0,0,35.1,22.4,3,1
27,0,2013,0,0,46.8,34.45,4,2
28,0,2013,1,1,38.6,26.35,3,2
29,0,2013,1,0,35.2,37.2,3,3
30,0,2013,1,0,32.5,35.25,2,3
31,0,2013,0,0,48.0,34.9,4,2
32,0,2013,1,0,12.1,23.75,0,1
33,0,2013,1,1,7.8,15.55,0,1
34,0,2013,0,0,55.0,49.65,4,4
35,0,2013,0,0,34.5,39.15,2,3
36,0,2013,0,0,37.9,39.3,3,3
37,0,2013,1,0,7.6,29.25,0,2
38,0,2013,0,1,29.8,42.4,2,3
39,0,2013,0,0,55.0,55.0,4,4
40,0,2013,1,0,43.1,49.05,3,4
41,0,2013,0,0,44.9,49.95,3,4
42,0,2013,0,0,50.0,52.5,4,4
43,0,2013,1,0,21.5,38.25,1,3
44,0,2013,1,0,27.5,41.25,2,3
45,0,2013,0,0,55.0,55.0,4,4
46,0,2013,1,0,33.1,44.05,2,3
47,0,2013,0,0,55.0,55.0,4,4
48,0,2013,0,1,31.2,43.1,2,3
49,0,2013,1,1,24.3,39.65,1,3
50,0,2013,0,0,55.0,55.0,4,4
51,0,2013,0,0,55.0,55.0,4,4
52,0,2013,0,0,55.0,55.0,4,4
53,0,2013,0,0,55.0,55.0,4,4
0,0,2014,0,0,45.8,34.2,4,2
1,0,2014,1,0,28.7,34.7,2,2
2,0,2014,0,0,19.1,16.45,1,1
3,0,2014,0,0,15.9,15.95,1,1
4,0,2014,0,0,33.1,24.45,2,1
5,0,2014,0,0,34.1,29.45,2,2
6,0,2014,0,1,36.9,43.4,3,3
7,0,2014,0,0,55.0,55.0,4,4
8,0,2014,1,1,32.0,21.25,2,1
9,0,2014,0,0,55.0,55.0,4,4
10,0,2014,1,1,19.9,18.25,1,1
11,0,2014,0,0,43.1,35.95,3,3
12,0,2014,0,0,18.5,15.1,1,0
13,0,2014,1,0,15.8,11.0,1,0
14,0,2014,1,0,39.3,38.7,3,3
15,0,2014,1,1,45.1,33.4,4,2
16,0,2014,0,0,21.3,15.8,1,1
17,0,2014,0,0,19.1,15.05,1,0
18,0,2014,0,0,55.0,55.0,4,4
19,1,2014,1,0,45.9,34.1,4,2
20,0,2014,1,1,8.5,14.65,0,0
21,0,2014,0,1,15.2,21.45,1,1
22,0,2014,0,0,55.0,55.0,4,4
23,0,2014,0,0,44.1,30.2,3,2
24,0,2014,1,0,27.1,24.65,2,1
25,0,2014,0,0,19.8,21.45,1,1
26,0,2014,0,0,39.3,24.35,3,1
27,0,2014,1,0,43.8,32.95,3,2
28,0,2014,0,0,38.6,27.9,3,2
29,0,2014,1,1,30.2,37.25,2,3
30,0,2014,0,0,32.5,36.75,2,3
31,0,2014,1,0,47.7,35.5,4,3
32,0,2014,1,0,11.4,23.25,0,1
33,0,2014,1,1,7.4,15.45,0,1
34,0,2014,0,0,55.0,51.45,4,4
35,0,2014,0,0,38.6,39.15,3,3
36,0,2014,0,0,37.9,39.3,3,3
37,0,2014,1,1,8.1,26.8,0,2
38,0,2014,0,0,34.6,42.4,2,3
39,0,2014,0,0,55.0,55.0,4,4
40,0,2014,1,0,39.2,47.1,3,4
41,0,2014,0,0,50.2,49.95,4,4
42,0,2014,0,0,50.0,52.5,4,4
43,0,2014,0,0,21.5,38.25,1,3
44,0,2014,1,0,22.4,38.7,1,3
45,0,2014,0,0,55.0,55.0,4,4
46,0,2014,0,0,33.1,44.05,2,3
47,0,2014,1,0,51.4,53.2,4,4
48,0,2014,0,0,31.2,43.1,2,3
49,0,2014,1,1,21.0,38.0,1,3
50,0,2014,1,0,51.9,53.45,4,4
51,0,2014,0,0,55.0,55.0,4,4
52,0,2014,0,0,55.0,55.0,4,4
53,0,2014,0,0,55.0,55.0,4,4
0,0,2015,1,0,40.7,33.4,3,2
1,0,2015,0,0,28.7,34.7,2,2
2,0,2015,0,0,19.3,17.5,1,1
3,0,2015,0,0,16.1,16.1,1,1
4,0,2015,0,0,33.1,26.5,2,2
5,0,2015,1,0,34.6,29.5,2,2
6,0,2015,0,0,31.7,40.8,2,3
7,0,2015,0,0,55.0,55.0,4,4
8,0,2015,0,0,37.3,23.45,3,1
9,0,2015,0,0,55.0,55.0,4,4
10,0,2015,1,1,19.7,18.6,1,1
11,0,2015,0,0,43.1,37.65,3,3
12,0,2015,0,1,18.5,16.05,1,1
13,1,2015,1,1,14.0,10.9,0,0
14,0,2015,0,0,44.0,38.7,3,3
15,0,2015,0,1,45.1,33.4,4,2
16,0,2015,0,0,25.5,17.75,2,1
17,0,2015,0,0,19.3,15.75,1,1
18,0,2015,0,0,55.0,55.0,4,4
19,0,2015,0,1,43.1,34.8,3,2
20,0,2015,1,0,10.3,15.0,0,0
21,0,2015,0,1,19.8,23.95,1,1
22,0,2015,0,0,55.0,55.0,4,4
23,0,2015,1,0,44.5,30.85,3,2
24,0,2015,0,0,27.1,26.65,2,2
25,0,2015,0,0,23.9,23.25,1,1
26,0,2015,0,0,43.7,26.8,3,2
27,0,2015,1,0,39.7,33.3,3,2
28,0,2015,1,0,33.8,25.5,2,2
29,0,2015,1,1,31.0,37.15,2,3
30,0,2015,1,0,28.8,34.9,2,2
31,0,2015,1,0,44.5,35.75,3,3
32,0,2015,1,0,12.6,21.25,0,1
33,0,2015,1,1,6.1,14.7,0,0
34,0,2015,0,0,55.0,51.45,4,4
35,0,2015,0,0,42.4,39.15,3,3
36,0,2015,1,0,38.0,36.85,3,3
37,0,2015,0,1,11.6,26.8,0,2
38,0,2015,1,0,34.6,40.45,2,3
39,0,2015,0,0,55.0,55.0,4,4
40,0,2015,0,0,39.2,47.1,3,4
41,0,2015,0,0,55.0,49.95,4,4
42,0,2015,0,0,50.0,52.5,4,4
43,0,2015,0,0,26.4,38.25,2,3
44,0,2015,1,1,18.6,36.8,1,3
45,0,2015,0,0,55.0,55.0,4,4
46,0,2015,1,0,28.7,41.85,2,3
47,0,2015,1,0,47.2,51.1,4,4
48,0,2015,1,0,26.7,40.85,2,3
49,0,2015,1,0,16.7,35.85,1,3
50,0,2015,0,0,51.9,53.45,4,4
51,0,2015,0,0,50.0,52.5,4,4
52,0,2015,0,0,55.0,55.0,4,4
53,0,2015,0,0,55.0,55.0,4,4
0,0,2016,1,1,36.2,33.1,3,2
1,0,2016,0,0,34.1,36.3,2,3
2,0,2016,0,0,17.7,16.85,1,1
3,0,2016,0,0,17.3,14.65,1,0
4,0,2016,0,0,37.6,29.2,3,2
5,0,2016,1,1,33.7,27.45,2,2
6,0,2016,0,1,27.8,38.85,2,3
7,0,2016,0,0,55.0,55.0,4,4
8,0,2016,1,0,36.1,23.5,3,1
9,0,2016,0,0,55.0,55.0,4,4
10,0,2016,0,1,23.7,21.25,1,1
11,0,2016,0,0,43.1,40.1,3,3
12,0,2016,0,0,18.6,16.15,1,1
13,0,2016,0,1,14.0,11.0,0,0
14,0,2016,0,0,47.8,40.6,4,3
15,0,2016,1,0,40.7,33.6,3,2
16,0,2016,0,0,29.9,19.9,2,1
17,0,2016,0,0,19.8,16.55,1,1
18,0,2016,0,0,55.0,55.0,4,4
19,0,2016,1,0,38.9,34.95,3,2
20,0,2016,0,0,14.9,17.05,1,1
21,0,2016,0,0,23.5,23.95,1,1
22,0,2016,0,0,55.0,55.0,4,4
23,0,2016,1,0,41.1,31.45,3,2
24,0,2016,0,0,27.1,28.75,2,2
25,0,2016,0,0,29.1,24.9,2,1
26,0,2016,1,0,44.7,27.75,3,2
27,0,2016,0,0,39.7,35.0,3,2
28,0,2016,0,1,33.8,28.0,2,2
29,0,2016,1,0,27.4,35.35,2,3
30,0,2016,1,0,29.1,32.6,2,2
31,0,2016,1,0,39.8,35.4,3,3
32,0,2016,0,0,17.7,21.25,1,1
33,0,2016,1,1,6.2,12.1,0,0
34,0,2016,0,0,55.0,53.3,4,4
35,0,2016,0,0,46.7,39.15,4,3
36,0,2016,1,1,37.9,34.85,3,2
37,1,2016,1,0,11.0,24.1,0,1
38,0,2016,0,0,34.6,40.45,2,3
39,0,2016,0,0,55.0,55.0,4,4
40,0,2016,0,0,39.2,47.1,3,4
41,0,2016,0,0,55.0,49.95,4,4
42,0,2016,1,0,44.9,49.95,3,4
43,0,2016,0,0,29.9,38.25,2,3
44,0,2016,1,0,18.5,34.4,1,2
45,0,2016,1,0,52.0,53.5,4,4
46,0,2016,1,0,25.2,40.1,2,3
47,0,2016,0,0,47.2,51.1,4,4
48,0,2016,1,1,23.0,39.0,1,3
49,0,2016,1,0,12.9,33.95,0,2
50,0,2016,0,0,51.9,53.45,4,4
51,0,2016,1,1,44.7,49.85,3,4
52,0,2016,0,0,55.0,55.0,4,4
53,0,2016,0,0,55.0,55.0,4,4
0,0,2017,1,1,31.1,30.55,2,2
1,0,2017,0,0,37.9,36.3,3,3
2,0,2017,0,1,16.7,17.1,1,1
3,0,2017,0,0,17.9,15.0,1,0
4,0,2017,0,0,40.7,31.85,3,2
5,0,2017,1,0,30.5,25.85,2,2
6,0,2017,0,0,22.9,38.95,1,3
7,0,2017,0,0,55.0,55.0,4,4
8,0,2017,0,0,36.1,25.8,3,2
9,0,2017,0,0,55.0,55.0,4,4
10,0,2017,1,0,19.2,20.5,1,1
11,1,2017,1,0,37.7,38.95,3,3
12,0,2017,0,0,19.2,17.15,1,1
13,0,2017,1,1,12.7,10.55,0,0
14,0,2017,0,0,47.8,42.25,4,3
15,0,2017,1,0,36.3,33.0,3,2
16,0,2017,0,0,35.0,22.5,3,1
17,0,2017,0,0,19.0,17.25,1,1
18,0,2017,0,0,55.0,55.0,4,4
19,0,2017,1,0,35.0,34.7,3,2
20,0,2017,1,0,16.1,17.4,1,1
21,0,2017,1,0,20.0,24.15,1,1
22,0,2017,0,0,55.0,55.0,4,4
23,0,2017,1,0,37.7,32.25,3,2
24,0,2017,0,0,27.1,30.5,2,2
25,0,2017,0,0,33.5,26.7,2,2
26,0,2017,1,0,40.5,27.55,3,2
27,0,2017,0,0,43.7,37.25,3,3
28,0,2017,0,0,33.8,30.35,2,2
29,0,2017,1,0,27.3,35.1,2,2
30,0,2017,0,1,32.5,32.6,2,2
31,0,2017,1,1,36.5,35.95,3,3
32,0,2017,1,0,17.1,18.85,1,1
33,0,2017,0,1,11.4,14.1,0,0
34,0,2017,0,0,55.0,53.3,4,4
35,0,2017,0,0,50.8,39.15,4,3
36,0,2017,0,0,41.8,34.85,3,2
37,0,2017,0,1,13.2,22.55,0,1
38,0,2017,0,0,34.6,40.45,2,3
39,0,2017,0,0,55.0,55.0,4,4
40,0,2017,1,0,40.3,45.2,3,4
41,0,2017,0,0,55.0,49.95,4,4
42,0,2017,1,1,44.6,47.3,3,4
43,0,2017,1,0,29.2,35.65,2,3
44,0,2017,1,1,19.5,32.55,1,2
45,0,2017,0,0,52.0,53.5,4,4
46,0,2017,0,0,29.5,40.1,2,3
47,0,2017,0,0,47.2,51.1,4,4
48,0,2017,0,0,28.4,39.0,2,3
49,0,2017,1,0,8.8,31.9,0,2
50,0,2017,0,0,51.9,53.45,4,4
51,0,2017,1,1,40.1,47.55,3,4
52,0,2017,0,0,55.0,55.0,4,4
53,0,2017,0,0,55.0,55.0,4,4
0,0,2018,0,1,31.1,33.0,2,2
1,0,2018,1,0,38.2,36.8,3,3
2,0,2018,0,0,16.2,16.55,1,1
3,0,2018,0,0,15.9,14.85,1,0
4,0,2018,1,0,36.8,32.2,3,2
5,1,2018,1,0,29.7,25.85,2,2
6,0,2018,0,1,17.9,36.45,1,3
7,0,2018,0,0,55.0,55.0,4,4
8,0,2018,0,0,36.1,28.4,3,2
9,0,2018,0,0,55.0,55.0,4,4
10,0,2018,1,1,20.2,20.85,1,1
11,0,2018,0,1,39.0,39.65,3,3
12,0,2018,0,0,19.9,17.5,1,1
13,0,2018,1,1,11.5,10.4,0,0
14,0,2018,0,0,47.8,43.75,4,3
15,0,2018,1,0,32.6,33.7,2,2
16,0,2018,0,0,39.8,24.55,3,1
17,0,2018,0,0,18.9,18.35,1,1
18,0,2018,0,0,55.0,55.0,4,4
19,0,2018,1,0,29.8,32.1,2,2
20,0,2018,0,0,21.3,19.15,1,1
21,0,2018,1,0,19.4,21.85,1,1
22,0,2018,0,0,55.0,55.0,4,4
23,0,2018,1,0,32.4,31.8,2,2
24,0,2018,0,0,31.2,30.5,2,2
25,0,2018,0,0,38.0,26.7,3,2
26,0,2018,0,0,43.9,30.05,3,2
27,0,2018,1,0,40.4,37.45,3,3
28,0,2018,1,0,29.1,30.1,2,2
29,0,2018,1,1,23.9,35.0,1,2
30,0,2018,1,0,28.2,30.45,2,2
31,0,2018,0,0,39.7,37.85,3,3
32,0,2018,0,1,20.6,20.5,1,1
33,0,2018,0,0,16.8,14.1,1,0
34,0,2018,0,0,55.0,55.0,4,4
35,0,2018,0,0,50.8,40.95,4,3
36,0,2018,0,0,46.1,34.85,4,2
37,0,2018,1,0,14.7,20.65,1,1
38,0,2018,1,0,34.0,38.25,2,3
39,0,2018,0,0,55.0,55.0,4,4
40,0,2018,0,0,40.3,45.2,3,4
41,0,2018,0,0,55.0,49.95,4,4
42,0,2018,1,1,40.5,45.25,3,4
43,0,2018,1,1,24.7,33.4,1,2
44,0,2018,0,0,24.6,32.55,1,2
45,0,2018,1,0,47.1,51.05,4,4
46,0,2018,0,0,33.9,40.1,2,3
47,0,2018,0,0,47.2,51.1,4,4
48,0,2018,1,0,29.7,37.2,2,3
49,0,2018,0,0,13.5,31.9,0,2
50,0,2018,0,0,51.9,53.45,4,4
51,0,2018,1,1,36.6,45.8,3,4
52,0,2018,0,0,55.0,55.0,4,4
53,0,2018,0,0,55.0,55.0,4,4
